interval_begin,interval_end,interval_id,edge_arrived,edge_density,edge_departed,edge_entered,edge_id,edge_laneChangedFrom,edge_laneChangedTo,edge_laneDensity,edge_left,edge_numEdges,edge_occupancy,edge_overlapTraveltime,edge_sampledSeconds,edge_speed,edge_speedRelative,edge_timeLoss,edge_traveltime,edge_waitingTime
3600.00,3900.00,cross_junction_ratmalana_bus,0,1.92,0,167,AGGREGATED,50,50,0.01,148,45,0.02,727.82,2627.25,6.29,0.38,672.14,762.71,356.00
3600.00,3900.00,cross_junction_ratmalana_probe,0,0.47,0,74,AGGREGATED,6,6,0.00,74,43,0.00,345.31,624.25,12.79,0.76,125.97,313.74,54.45
3600.00,3900.00,cross_junction_ratmalana_general,99,27.46,121,4196,AGGREGATED,680,680,0.21,4244,43,0.08,339.42,36349.65,13.01,0.78,7164.50,338.69,3719.11
3600.00,3900.00,wellawatta_kollupitiya_bus,,,,,,,,,,,,,,,,,,
3600.00,3900.00,wellawatta_kollupitiya_probe,0,0.81,2,254,AGGREGATED,9,9,0.00,256,78,0.00,153.08,577.75,15.64,0.94,63.53,152.71,6.00
3600.00,3900.00,wellawatta_kollupitiya_general,102,24.71,52,7732,AGGREGATED,300,300,0.08,7680,78,0.03,159.82,17718.86,14.98,0.90,1294.97,159.59,208.00
3900.00,4200.00,cross_junction_ratmalana_bus,0,5.28,0,430,AGGREGATED,47,47,0.04,425,45,0.04,652.37,7239.70,7.02,0.42,997.75,675.24,307.00
3900.00,4200.00,cross_junction_ratmalana_probe,0,0.66,0,104,AGGREGATED,26,26,0.00,105,43,0.00,355.89,870.34,12.41,0.74,180.26,353.23,37.00
3900.00,4200.00,cross_junction_ratmalana_general,85,27.35,128,3999,AGGREGATED,922,922,0.21,4037,43,0.07,368.01,36204.94,12.00,0.72,9312.39,366.88,4265.61
3900.00,4200.00,wellawatta_kollupitiya_bus,,,,,,,,,,,,,,,,,,
3900.00,4200.00,wellawatta_kollupitiya_probe,0,1.01,2,293,AGGREGATED,10,10,0.00,293,78,0.00,170.55,724.34,14.04,0.84,78.38,170.45,11.00
3900.00,4200.00,wellawatta_kollupitiya_general,111,25.66,55,8077,AGGREGATED,286,286,0.08,8029,78,0.03,159.40,18399.54,15.02,0.90,1228.75,159.19,214.00
4200.00,4500.00,cross_junction_ratmalana_bus,0,5.44,0,391,AGGREGATED,70,70,0.04,392,45,0.05,732.13,7449.77,6.26,0.37,1459.37,760.36,743.00
4200.00,4500.00,cross_junction_ratmalana_probe,0,0.53,0,81,AGGREGATED,17,17,0.00,80,43,0.00,348.37,700.29,12.68,0.76,98.24,348.30,9.00
4200.00,4500.00,cross_junction_ratmalana_general,107,27.83,141,4263,AGGREGATED,985,985,0.21,4301,43,0.07,351.28,36849.78,12.57,0.75,8197.64,351.19,4293.00
4200.00,4500.00,wellawatta_kollupitiya_bus,,,,,,,,,,,,,,,,,,
4200.00,4500.00,wellawatta_kollupitiya_probe,0,1.16,2,316,AGGREGATED,7,7,0.00,319,78,0.00,179.89,830.26,13.31,0.80,96.67,179.68,14.00
4200.00,4500.00,wellawatta_kollupitiya_general,107,24.31,50,7613,AGGREGATED,278,278,0.08,7555,78,0.03,158.93,17435.24,15.06,0.90,1190.49,158.60,166.00
4500.00,4800.00,cross_junction_ratmalana_bus,0,4.84,0,364,AGGREGATED,57,57,0.04,366,45,0.04,697.63,6635.04,6.57,0.39,868.86,723.70,313.00
4500.00,4800.00,cross_junction_ratmalana_probe,0,0.51,0,81,AGGREGATED,19,19,0.00,81,43,0.00,349.62,677.96,12.63,0.75,178.93,348.25,26.00
4500.00,4800.00,cross_junction_ratmalana_general,88,28.94,136,4333,AGGREGATED,1083,1083,0.22,4376,43,0.08,352.98,38310.40,12.51,0.75,8853.47,351.65,3886.00
4500.00,4800.00,wellawatta_kollupitiya_bus,,,,,,,,,,,,,,,,,,
4500.00,4800.00,wellawatta_kollupitiya_probe,0,1.02,2,307,AGGREGATED,6,6,0.00,309,78,0.00,162.02,732.17,14.78,0.89,58.46,161.65,0.00
4500.00,4800.00,wellawatta_kollupitiya_general,128,27.92,77,8828,AGGREGATED,342,342,0.09,8776,78,0.03,158.11,20025.26,15.14,0.91,1268.79,157.87,185.00
4800.00,5100.00,cross_junction_ratmalana_bus,0,4.37,0,311,AGGREGATED,50,50,0.03,315,45,0.04,740.21,5990.47,6.19,0.37,796.89,769.46,307.00
4800.00,5100.00,cross_junction_ratmalana_probe,0,0.55,0,82,AGGREGATED,14,14,0.00,82,43,0.00,374.13,727.99,11.81,0.71,231.09,373.63,57.00
4800.00,5100.00,cross_junction_ratmalana_general,93,31.13,128,4443,AGGREGATED,1078,1078,0.24,4435,43,0.09,374.10,41210.72,11.81,0.71,11225.63,372.65,4825.00
4800.00,5100.00,wellawatta_kollupitiya_bus,0,0.24,0,32,AGGREGATED,0,0,0.00,31,76,0.00,293.87,164.32,7.90,0.47,23.44,323.92,8.00
4800.00,5100.00,wellawatta_kollupitiya_probe,0,1.16,2,349,AGGREGATED,11,11,0.00,352,78,0.00,163.56,830.36,14.64,0.88,65.45,163.29,0.00
4800.00,5100.00,wellawatta_kollupitiya_general,124,23.59,44,7487,AGGREGATED,276,276,0.08,7410,78,0.03,158.25,16914.55,15.13,0.91,1191.86,157.92,195.00
5100.00,5400.00,cross_junction_ratmalana_bus,0,4.07,0,307,AGGREGATED,39,39,0.03,306,45,0.03,709.09,5575.11,6.46,0.39,625.03,734.87,174.00
5100.00,5400.00,cross_junction_ratmalana_probe,0,0.65,0,90,AGGREGATED,20,20,0.00,90,43,0.00,379.79,861.40,11.63,0.70,281.00,379.32,24.00
5100.00,5400.00,cross_junction_ratmalana_general,100,34.65,133,4578,AGGREGATED,1020,1020,0.26,4609,43,0.09,402.54,45878.54,10.97,0.66,14837.54,402.12,6045.87
5100.00,5400.00,wellawatta_kollupitiya_bus,0,2.68,0,380,AGGREGATED,3,3,0.01,374,76,0.01,263.56,1860.50,8.81,0.53,227.04,283.76,62.00
5100.00,5400.00,wellawatta_kollupitiya_probe,0,0.94,2,283,AGGREGATED,8,8,0.00,283,78,0.00,164.81,676.85,14.53,0.87,51.87,164.61,0.00
5100.00,5400.00,wellawatta_kollupitiya_general,98,23.45,51,7437,AGGREGATED,334,334,0.08,7394,78,0.03,157.12,16817.34,15.24,0.91,1052.01,156.74,77.00
5400.00,5700.00,cross_junction_ratmalana_bus,0,4.74,0,369,AGGREGATED,67,67,0.04,367,45,0.04,688.85,6502.41,6.65,0.40,816.60,713.82,241.00
5400.00,5700.00,cross_junction_ratmalana_probe,0,0.60,0,80,AGGREGATED,23,23,0.00,80,43,0.00,420.13,797.71,10.51,0.63,266.69,418.03,59.00
5400.00,5700.00,cross_junction_ratmalana_general,96,32.58,139,4174,AGGREGATED,1036,1036,0.25,4231,43,0.09,404.91,43131.91,10.91,0.65,14115.27,404.09,4563.00
5400.00,5700.00,wellawatta_kollupitiya_bus,0,6.40,0,706,AGGREGATED,8,8,0.02,701,76,0.02,349.56,4439.36,6.64,0.40,850.78,390.76,293.00
5400.00,5700.00,wellawatta_kollupitiya_probe,0,1.12,2,322,AGGREGATED,17,17,0.00,325,78,0.00,167.36,802.28,14.31,0.86,98.43,167.35,5.00
5400.00,5700.00,wellawatta_kollupitiya_general,130,24.63,58,7501,AGGREGATED,412,412,0.08,7409,78,0.03,163.60,17663.22,14.63,0.88,1693.99,163.67,350.00
5700.00,6000.00,cross_junction_ratmalana_bus,0,5.51,0,378,AGGREGATED,52,52,0.04,378,45,0.05,750.81,7552.58,6.10,0.36,1290.83,775.02,526.00
5700.00,6000.00,cross_junction_ratmalana_probe,0,0.70,0,89,AGGREGATED,25,25,0.01,88,43,0.00,437.73,925.44,10.09,0.60,311.64,437.21,81.00
5700.00,6000.00,cross_junction_ratmalana_general,107,33.79,118,4285,AGGREGATED,1158,1158,0.26,4305,43,0.09,418.44,44732.05,10.56,0.63,15748.64,418.19,6211.00
5700.00,6000.00,wellawatta_kollupitiya_bus,0,3.94,0,411,AGGREGATED,10,10,0.01,420,76,0.01,356.89,2729.25,6.51,0.39,510.56,400.21,222.00
5700.00,6000.00,wellawatta_kollupitiya_probe,0,0.84,2,256,AGGREGATED,16,16,0.00,260,78,0.00,162.77,604.60,14.71,0.88,93.35,163.33,18.00
5700.00,6000.00,wellawatta_kollupitiya_general,139,25.96,47,8030,AGGREGATED,394,394,0.08,7944,78,0.03,161.00,18614.04,14.87,0.89,1648.63,160.90,296.00
6000.00,6300.00,cross_junction_ratmalana_bus,0,5.03,0,359,AGGREGATED,54,54,0.04,361,45,0.04,743.60,6893.63,6.16,0.37,1150.95,770.80,433.00
6000.00,6300.00,cross_junction_ratmalana_probe,0,0.86,0,95,AGGREGATED,27,27,0.01,95,43,0.00,478.22,1139.51,9.24,0.55,481.10,480.40,110.00
6000.00,6300.00,cross_junction_ratmalana_general,104,37.73,137,4644,AGGREGATED,1103,1103,0.29,4641,43,0.10,433.72,49946.74,10.18,0.61,18702.25,433.10,6936.00
6000.00,6300.00,wellawatta_kollupitiya_bus,0,3.15,0,364,AGGREGATED,3,3,0.01,359,76,0.01,333.07,2184.74,6.97,0.42,232.63,376.37,22.00
6000.00,6300.00,wellawatta_kollupitiya_probe,0,1.07,2,330,AGGREGATED,15,15,0.00,330,78,0.00,158.47,766.77,15.11,0.91,74.57,158.42,3.00
6000.00,6300.00,wellawatta_kollupitiya_general,127,24.52,53,7472,AGGREGATED,438,438,0.08,7404,78,0.03,163.29,17583.92,14.66,0.88,1493.18,163.15,183.00
6300.00,6600.00,cross_junction_ratmalana_bus,0,4.80,0,335,AGGREGATED,47,47,0.04,333,45,0.04,752.91,6571.65,6.08,0.36,1099.72,783.26,424.00
6300.00,6600.00,cross_junction_ratmalana_probe,0,0.74,0,87,AGGREGATED,21,21,0.01,89,43,0.00,481.49,977.06,9.17,0.55,429.59,477.78,142.00
6300.00,6600.00,cross_junction_ratmalana_general,106,40.17,133,4434,AGGREGATED,1133,1133,0.30,4487,43,0.12,480.06,53180.82,9.20,0.55,22781.34,480.77,10924.90
6300.00,6600.00,wellawatta_kollupitiya_bus,0,4.50,0,451,AGGREGATED,8,8,0.01,450,76,0.01,373.90,3119.49,6.21,0.37,447.49,422.97,142.00
6300.00,6600.00,wellawatta_kollupitiya_probe,0,0.94,2,271,AGGREGATED,11,11,0.00,274,78,0.00,167.31,677.60,14.31,0.86,94.75,167.16,6.00
6300.00,6600.00,wellawatta_kollupitiya_general,108,27.35,66,8369,AGGREGATED,488,488,0.09,8319,78,0.03,164.13,19612.11,14.59,0.88,2122.98,164.20,454.00
6600.00,6900.00,cross_junction_ratmalana_bus,0,4.95,0,361,AGGREGATED,49,49,0.04,357,45,0.04,741.10,6787.00,6.18,0.37,1117.57,770.73,412.00
6600.00,6900.00,cross_junction_ratmalana_probe,0,0.65,0,78,AGGREGATED,23,23,0.00,76,43,0.00,442.13,864.19,9.99,0.60,297.04,444.54,95.00
6600.00,6900.00,cross_junction_ratmalana_general,70,38.62,145,4215,AGGREGATED,1086,1086,0.29,4267,43,0.11,491.09,51132.69,8.99,0.54,22660.65,491.79,10880.00
6600.00,6900.00,wellawatta_kollupitiya_bus,0,5.61,0,553,AGGREGATED,12,12,0.02,551,76,0.02,396.12,3886.30,5.86,0.35,560.60,454.33,178.00
6600.00,6900.00,wellawatta_kollupitiya_probe,0,0.90,2,269,AGGREGATED,13,13,0.00,269,78,0.00,168.76,641.98,14.19,0.85,67.04,168.51,1.00
6600.00,6900.00,wellawatta_kollupitiya_general,127,23.68,59,7458,AGGREGATED,444,444,0.08,7397,78,0.02,158.58,16981.44,15.10,0.91,1364.01,158.45,181.00
6900.00,7200.00,cross_junction_ratmalana_bus,0,4.37,0,300,AGGREGATED,56,56,0.03,308,45,0.04,737.67,5988.73,6.21,0.37,976.18,765.45,332.00
6900.00,7200.00,cross_junction_ratmalana_probe,0,0.82,0,82,AGGREGATED,21,21,0.01,83,43,0.00,582.56,1082.66,7.58,0.45,537.71,589.85,294.00
6900.00,7200.00,cross_junction_ratmalana_general,78,37.99,133,4060,AGGREGATED,1063,1063,0.29,4121,43,0.11,494.16,50293.89,8.94,0.53,22226.37,493.42,10389.00
6900.00,7200.00,wellawatta_kollupitiya_bus,0,4.90,0,478,AGGREGATED,13,13,0.02,479,76,0.02,381.97,3396.70,6.08,0.36,616.72,427.49,262.00
6900.00,7200.00,wellawatta_kollupitiya_probe,0,1.22,2,336,AGGREGATED,24,24,0.00,339,78,0.00,174.73,871.51,13.70,0.82,108.62,174.41,9.00
6900.00,7200.00,wellawatta_kollupitiya_general,117,25.20,48,7853,AGGREGATED,441,441,0.08,7783,78,0.03,160.36,18069.62,14.93,0.90,1575.20,160.28,275.00
7200.00,7500.00,cross_junction_ratmalana_bus,0,5.15,0,410,AGGREGATED,64,64,0.04,395,45,0.04,694.87,7059.46,6.59,0.39,979.69,721.65,303.00
7200.00,7500.00,cross_junction_ratmalana_probe,0,0.81,0,85,AGGREGATED,33,33,0.01,84,43,0.00,483.61,1074.12,9.13,0.55,421.62,487.25,144.00
7200.00,7500.00,cross_junction_ratmalana_general,112,48.22,224,5303,AGGREGATED,1348,1348,0.37,5284,43,0.13,471.94,63834.11,9.36,0.56,26749.99,471.00,13773.00
7200.00,7500.00,wellawatta_kollupitiya_bus,0,5.69,0,568,AGGREGATED,11,11,0.02,568,76,0.02,377.60,3940.99,6.15,0.37,602.11,428.09,196.00
7200.00,7500.00,wellawatta_kollupitiya_probe,0,0.73,0,212,AGGREGATED,12,12,0.00,214,78,0.00,171.33,524.55,13.98,0.84,78.27,172.09,10.00
7200.00,7500.00,wellawatta_kollupitiya_general,120,51.39,219,14843,AGGREGATED,885,885,0.16,14852,78,0.06,174.69,36854.50,13.71,0.82,5434.79,175.02,1008.00
7500.00,7800.00,cross_junction_ratmalana_bus,0,7.36,0,487,AGGREGATED,96,96,0.05,485,45,0.06,805.73,10081.14,5.68,0.34,2772.05,840.09,1301.00
7500.00,7800.00,cross_junction_ratmalana_probe,0,0.86,0,76,AGGREGATED,15,15,0.01,76,43,0.00,660.56,1134.71,6.69,0.40,693.28,667.97,357.00
7500.00,7800.00,cross_junction_ratmalana_general,165,81.88,238,6218,AGGREGATED,1781,1781,0.62,6173,43,0.23,696.25,108408.48,6.34,0.38,66000.42,701.12,37892.30
7500.00,7800.00,wellawatta_kollupitiya_bus,0,5.42,0,537,AGGREGATED,14,14,0.02,536,76,0.02,382.72,3754.84,6.07,0.36,515.45,435.36,118.00
7500.00,7800.00,wellawatta_kollupitiya_probe,0,0.06,0,18,AGGREGATED,1,1,0.00,18,78,0.00,165.48,41.37,14.47,0.87,5.96,165.12,0.00
7500.00,7800.00,wellawatta_kollupitiya_general,183,62.24,199,17549,AGGREGATED,1173,1173,0.20,17580,78,0.07,176.97,44636.43,13.53,0.81,7507.27,177.47,1373.00
7800.00,8100.00,cross_junction_ratmalana_bus,0,8.89,0,458,AGGREGATED,63,63,0.07,452,45,0.08,1039.34,12181.46,4.41,0.26,5420.18,1096.82,3048.00
7800.00,8100.00,cross_junction_ratmalana_probe,0,1.08,0,89,AGGREGATED,26,26,0.01,87,43,0.00,675.27,1426.11,6.54,0.39,897.44,688.94,393.00
7800.00,8100.00,cross_junction_ratmalana_general,170,99.58,228,6400,AGGREGATED,1624,1624,0.75,6417,43,0.27,845.73,131831.73,5.22,0.31,89447.87,857.29,49214.87
7800.00,8100.00,wellawatta_kollupitiya_bus,0,4.56,0,441,AGGREGATED,11,11,0.01,444,76,0.01,396.36,3157.57,5.86,0.35,478.92,455.40,165.00
7800.00,8100.00,wellawatta_kollupitiya_probe,0,0.55,0,145,AGGREGATED,9,9,0.00,144,78,0.00,180.70,392.00,13.25,0.79,53.70,180.78,1.00
7800.00,8100.00,wellawatta_kollupitiya_general,178,66.34,214,18533,AGGREGATED,1179,1179,0.21,18543,78,0.07,180.33,47571.69,13.28,0.80,8598.79,180.89,1549.00
8100.00,8400.00,cross_junction_ratmalana_bus,0,9.75,0,429,AGGREGATED,61,61,0.07,419,45,0.08,1197.77,13356.60,3.82,0.23,6816.54,1266.53,3124.00
8100.00,8400.00,cross_junction_ratmalana_probe,0,1.36,0,67,AGGREGATED,14,14,0.01,66,43,0.00,1120.66,1795.15,3.94,0.24,1350.00,1148.90,665.00
8100.00,8400.00,cross_junction_ratmalana_general,180,106.58,210,6418,AGGREGATED,1689,1689,0.81,6406,43,0.29,913.17,141101.16,4.84,0.29,99027.71,926.66,43894.52
8100.00,8400.00,wellawatta_kollupitiya_bus,0,4.72,0,463,AGGREGATED,12,12,0.02,459,76,0.02,378.39,3272.95,6.14,0.37,608.09,426.32,256.00
8100.00,8400.00,wellawatta_kollupitiya_probe,0,0.37,0,89,AGGREGATED,5,5,0.00,90,78,0.00,212.54,262.37,11.27,0.68,64.87,213.76,1.00
8100.00,8400.00,wellawatta_kollupitiya_general,166,67.05,201,18682,AGGREGATED,1139,1139,0.21,18727,78,0.07,179.61,48082.82,13.33,0.80,8353.90,180.07,1526.00
8400.00,8700.00,cross_junction_ratmalana_bus,0,10.16,0,418,AGGREGATED,64,64,0.08,426,45,0.09,1297.22,13917.83,3.53,0.21,7509.54,1374.64,4251.00
8400.00,8700.00,cross_junction_ratmalana_probe,0,1.61,0,73,AGGREGATED,23,23,0.01,72,43,0.01,1216.16,2136.69,3.63,0.22,1639.28,1245.65,900.00
8400.00,8700.00,cross_junction_ratmalana_general,155,117.35,215,6049,AGGREGATED,1595,1595,0.89,6077,43,0.33,1051.58,155368.49,4.20,0.25,115221.02,1067.85,61653.54
8400.00,8700.00,wellawatta_kollupitiya_bus,0,5.50,0,532,AGGREGATED,16,16,0.02,534,76,0.02,400.01,3808.99,5.81,0.35,727.27,457.71,297.00
8400.00,8700.00,wellawatta_kollupitiya_probe,0,0.26,0,68,AGGREGATED,4,4,0.00,67,78,0.00,186.39,185.56,12.85,0.77,25.19,186.06,0.00
8400.00,8700.00,wellawatta_kollupitiya_general,186,67.80,204,19034,AGGREGATED,1121,1121,0.22,19043,78,0.07,178.19,48623.33,13.44,0.81,8479.07,178.82,1570.00
8700.00,9000.00,cross_junction_ratmalana_bus,0,10.44,0,365,AGGREGATED,52,52,0.08,359,45,0.09,1529.26,14311.30,2.99,0.18,8754.76,1627.52,5034.00
8700.00,9000.00,cross_junction_ratmalana_probe,0,1.79,0,66,AGGREGATED,12,12,0.01,67,43,0.01,1460.20,2369.53,3.03,0.18,1926.24,1496.71,1036.00
8700.00,9000.00,cross_junction_ratmalana_general,169,133.50,217,6160,AGGREGATED,1387,1387,1.01,6124,43,0.38,1234.12,176748.97,3.58,0.21,137386.78,1260.81,74207.79
8700.00,9000.00,wellawatta_kollupitiya_bus,0,4.30,0,370,AGGREGATED,7,7,0.01,372,76,0.01,437.76,2977.18,5.31,0.32,623.28,499.40,288.00
8700.00,9000.00,wellawatta_kollupitiya_probe,0,0.61,0,164,AGGREGATED,11,11,0.00,165,78,0.00,186.99,440.15,12.81,0.77,58.03,186.65,4.00
8700.00,9000.00,wellawatta_kollupitiya_general,184,70.52,210,19722,AGGREGATED,1152,1152,0.23,19751,78,0.08,179.30,50570.28,13.35,0.80,8828.96,179.58,1632.00
9000.00,9300.00,cross_junction_ratmalana_bus,0,11.08,0,392,AGGREGATED,64,64,0.08,387,45,0.10,1585.48,15188.74,2.89,0.17,9334.79,1702.08,5255.00
9000.00,9300.00,cross_junction_ratmalana_probe,0,1.73,0,79,AGGREGATED,17,17,0.01,77,43,0.01,1289.31,2290.52,3.43,0.20,1828.28,1325.87,923.00
9000.00,9300.00,cross_junction_ratmalana_general,161,148.25,204,5914,AGGREGATED,1596,1596,1.12,5891,43,0.42,1402.76,196278.48,3.15,0.19,158164.98,1431.68,81257.20
9000.00,9300.00,wellawatta_kollupitiya_bus,0,2.23,0,227,AGGREGATED,2,2,0.01,230,76,0.01,372.26,1545.79,6.24,0.37,136.55,420.87,6.00
9000.00,9300.00,wellawatta_kollupitiya_probe,0,0.01,0,2,AGGREGATED,0,0,0.00,2,78,0.00,184.68,10.30,12.97,0.78,0.79,183.98,0.00
9000.00,9300.00,wellawatta_kollupitiya_general,163,60.65,177,17035,AGGREGATED,982,982,0.19,17046,78,0.07,177.36,43491.10,13.50,0.81,6940.81,177.67,1159.00
9300.00,9600.00,cross_junction_ratmalana_bus,0,12.34,0,410,AGGREGATED,50,50,0.09,412,45,0.10,1599.85,16905.18,2.86,0.17,10740.49,1699.28,6226.00
9300.00,9600.00,cross_junction_ratmalana_probe,0,1.92,0,76,AGGREGATED,24,24,0.01,79,43,0.01,1353.71,2536.94,3.26,0.19,2022.24,1371.62,967.00
9300.00,9600.00,cross_junction_ratmalana_general,156,161.27,205,6022,AGGREGATED,1603,1603,1.22,6031,43,0.45,1478.64,213508.56,2.99,0.18,174214.33,1506.58,90351.70
9300.00,9600.00,wellawatta_kollupitiya_bus,0,2.23,0,203,AGGREGATED,4,4,0.01,205,76,0.01,411.49,1546.44,5.64,0.34,192.68,470.74,67.00
9300.00,9600.00,wellawatta_kollupitiya_probe,0,0.17,0,45,AGGREGATED,5,5,0.00,44,78,0.00,193.28,121.99,12.39,0.74,31.42,194.89,3.00
9300.00,9600.00,wellawatta_kollupitiya_general,167,61.83,204,17653,AGGREGATED,917,917,0.20,17705,78,0.07,176.16,44339.99,13.59,0.82,7090.61,176.50,1289.00
9600.00,9900.00,cross_junction_ratmalana_bus,0,12.51,0,360,AGGREGATED,101,101,0.09,355,45,0.11,1788.66,17141.56,2.56,0.15,11357.62,1905.71,7113.00
9600.00,9900.00,cross_junction_ratmalana_probe,0,2.05,0,65,AGGREGATED,14,14,0.02,63,43,0.01,1981.97,2719.84,2.23,0.13,2371.10,1985.34,1287.00
9600.00,9900.00,cross_junction_ratmalana_general,157,179.51,221,5739,AGGREGATED,1643,1644,1.36,5682,43,0.51,1701.10,237653.33,2.60,0.16,199383.38,1733.10,107247.23
9600.00,9900.00,wellawatta_kollupitiya_bus,0,3.42,0,372,AGGREGATED,12,12,0.01,366,76,0.01,351.28,2371.25,6.61,0.40,273.04,393.80,69.00
9600.00,9900.00,wellawatta_kollupitiya_probe,0,0.13,0,40,AGGREGATED,1,1,0.00,40,78,0.00,155.54,95.57,15.40,0.92,8.29,155.28,0.00
9600.00,9900.00,wellawatta_kollupitiya_general,173,62.50,197,17985,AGGREGATED,1100,1100,0.20,18014,78,0.07,174.80,44819.45,13.70,0.82,6939.75,175.15,1202.00
9900.00,10200.00,cross_junction_ratmalana_bus,0,13.61,0,327,AGGREGATED,56,56,0.10,321,45,0.12,2238.61,18651.56,2.05,0.12,13821.11,2384.27,9711.00
9900.00,10200.00,cross_junction_ratmalana_probe,0,2.00,0,58,AGGREGATED,17,17,0.02,56,43,0.01,1692.74,2646.42,2.61,0.16,2229.95,1730.86,1097.08
9900.00,10200.00,cross_junction_ratmalana_general,180,198.09,211,5685,AGGREGATED,1409,1409,1.50,5683,43,0.56,1848.29,262253.79,2.39,0.14,223677.50,1886.75,126053.10
9900.00,10200.00,wellawatta_kollupitiya_bus,0,4.51,0,478,AGGREGATED,10,10,0.01,476,76,0.01,354.74,3127.62,6.55,0.39,583.63,394.50,209.00
9900.00,10200.00,wellawatta_kollupitiya_probe,0,0.40,0,107,AGGREGATED,11,11,0.00,107,78,0.00,186.95,288.34,12.81,0.77,80.09,188.83,22.00
9900.00,10200.00,wellawatta_kollupitiya_general,188,68.04,194,19282,AGGREGATED,1150,1150,0.22,19270,78,0.07,177.16,48794.07,13.51,0.81,8251.43,177.61,1517.00
10200.00,10500.00,cross_junction_ratmalana_bus,0,14.07,0,331,AGGREGATED,53,53,0.10,328,45,0.12,2304.66,19280.28,1.99,0.12,14410.97,2467.51,10468.00
10200.00,10500.00,cross_junction_ratmalana_probe,0,2.26,0,65,AGGREGATED,15,15,0.02,65,43,0.01,1941.40,2986.54,2.28,0.14,2535.77,1986.65,1411.00
10200.00,10500.00,cross_junction_ratmalana_general,160,209.66,214,6021,AGGREGATED,1555,1555,1.59,6003,43,0.58,1893.52,277576.18,2.33,0.14,237602.51,1933.33,131078.15
10200.00,10500.00,wellawatta_kollupitiya_bus,0,4.49,0,472,AGGREGATED,6,6,0.01,479,76,0.01,367.71,3109.98,6.32,0.38,586.99,416.63,237.00
10200.00,10500.00,wellawatta_kollupitiya_probe,0,0.13,0,42,AGGREGATED,2,2,0.00,43,78,0.00,146.71,90.56,16.32,0.98,7.82,146.45,0.00
10200.00,10500.00,wellawatta_kollupitiya_general,127,58.19,192,16909,AGGREGATED,929,929,0.19,17019,78,0.06,174.37,41730.34,13.73,0.82,6340.73,174.54,1096.00
10500.00,10800.00,cross_junction_ratmalana_bus,0,14.79,0,276,AGGREGATED,63,64,0.11,275,45,0.13,2893.70,20265.40,1.58,0.09,15923.31,3123.93,11832.00
10500.00,10800.00,cross_junction_ratmalana_probe,0,2.35,0,66,AGGREGATED,23,23,0.02,65,43,0.01,2125.47,3114.44,2.08,0.12,2728.11,2190.89,1508.00
10500.00,10800.00,cross_junction_ratmalana_general,179,224.79,211,5945,AGGREGATED,1576,1577,1.70,5907,43,0.63,2147.96,297611.57,2.06,0.12,259496.31,2197.13,150797.97
10500.00,10800.00,wellawatta_kollupitiya_bus,0,2.05,0,194,AGGREGATED,2,2,0.01,196,76,0.01,403.38,1422.92,5.76,0.35,248.76,462.81,95.00
10500.00,10800.00,wellawatta_kollupitiya_probe,,,,,,,,,,,,,,,,,,
10500.00,10800.00,wellawatta_kollupitiya_general,66,42.44,176,12488,AGGREGATED,717,717,0.14,12616,78,0.05,170.81,30434.17,14.02,0.84,4229.38,170.89,745.00
10800.00,11100.00,cross_junction_ratmalana_bus,0,15.67,0,243,AGGREGATED,24,24,0.12,236,45,0.14,3542.12,21471.69,1.29,0.08,18029.62,3826.75,14192.00
10800.00,11100.00,cross_junction_ratmalana_probe,0,2.41,0,48,AGGREGATED,17,17,0.02,48,43,0.01,2557.68,3189.04,1.73,0.10,2846.77,2626.47,1716.00
10800.00,11100.00,cross_junction_ratmalana_general,157,237.84,194,5237,AGGREGATED,1373,1373,1.80,5174,43,0.66,2466.72,314884.15,1.79,0.11,280049.87,2522.86,169971.19
10800.00,11100.00,wellawatta_kollupitiya_bus,0,0.32,0,24,AGGREGATED,0,0,0.00,26,76,0.00,442.75,218.76,5.25,0.31,16.69,509.33,0.00
10800.00,11100.00,wellawatta_kollupitiya_probe,,,,,,,,,,,,,,,,,,
10800.00,11100.00,wellawatta_kollupitiya_general,55,51.08,277,15370,AGGREGATED,584,584,0.16,15559,78,0.06,167.05,36628.13,14.33,0.86,4282.42,166.93,377.00
11100.00,11400.00,cross_junction_ratmalana_bus,0,17.27,0,326,AGGREGATED,37,38,0.13,315,45,0.15,3160.27,23673.99,1.45,0.09,19058.96,3437.66,15021.00
11100.00,11400.00,cross_junction_ratmalana_probe,0,2.77,0,55,AGGREGATED,17,17,0.02,54,43,0.01,2636.69,3666.76,1.68,0.10,3290.04,2708.91,1931.00
11100.00,11400.00,cross_junction_ratmalana_general,153,254.64,182,5824,AGGREGATED,1737,1739,1.93,5820,43,0.71,2410.28,337131.11,1.83,0.11,299025.24,2468.61,171909.23
11100.00,11400.00,wellawatta_kollupitiya_bus,0,0.48,0,63,AGGREGATED,0,0,0.00,61,76,0.00,283.83,331.87,8.18,0.49,50.65,307.91,21.00
11100.00,11400.00,wellawatta_kollupitiya_probe,0,0.22,0,72,AGGREGATED,1,1,0.00,72,78,0.00,155.21,160.26,15.43,0.93,25.63,154.48,5.00
11100.00,11400.00,wellawatta_kollupitiya_general,73,58.23,282,16752,AGGREGATED,682,682,0.19,16949,78,0.06,175.50,41757.33,13.64,0.82,6663.20,175.86,905.00
11400.00,11700.00,cross_junction_ratmalana_bus,0,18.64,0,262,AGGREGATED,33,34,0.14,258,45,0.16,3984.99,25549.76,1.15,0.07,21756.99,4346.75,18558.00
11400.00,11700.00,cross_junction_ratmalana_probe,0,2.89,0,58,AGGREGATED,11,11,0.02,58,43,0.01,3250.29,3821.21,1.36,0.08,3480.83,3365.57,2368.58
11400.00,11700.00,cross_junction_ratmalana_general,145,269.11,191,5633,AGGREGATED,1414,1414,2.04,5639,43,0.74,2611.36,356279.88,1.69,0.10,318985.61,2670.97,194806.53
11400.00,11700.00,wellawatta_kollupitiya_bus,0,0.91,0,116,AGGREGATED,0,0,0.00,118,76,0.00,308.74,631.74,7.52,0.45,70.61,347.68,6.00
11400.00,11700.00,wellawatta_kollupitiya_probe,0,0.02,0,6,AGGREGATED,0,0,0.00,6,78,0.00,167.29,17.15,14.31,0.86,3.78,167.65,0.00
11400.00,11700.00,wellawatta_kollupitiya_general,93,73.67,284,20649,AGGREGATED,903,903,0.24,20823,78,0.08,179.82,52832.76,13.31,0.80,9843.24,179.73,936.00
11700.00,12000.00,cross_junction_ratmalana_bus,0,18.47,0,193,AGGREGATED,26,29,0.14,184,45,0.16,5381.59,25309.28,0.85,0.05,22313.21,5871.26,19583.00
11700.00,12000.00,cross_junction_ratmalana_probe,0,2.65,0,50,AGGREGATED,10,10,0.02,52,43,0.01,2877.58,3514.48,1.54,0.09,3171.44,2938.31,2114.00
11700.00,12000.00,cross_junction_ratmalana_general,115,285.65,232,6060,AGGREGATED,1328,1330,2.16,6032,43,0.79,2477.86,378179.64,1.78,0.11,336611.66,2527.78,203137.40
11700.00,12000.00,wellawatta_kollupitiya_bus,0,1.48,0,185,AGGREGATED,0,0,0.00,182,76,0.00,295.89,1022.90,7.85,0.47,130.67,325.83,27.00
11700.00,12000.00,wellawatta_kollupitiya_probe,,,,,,,,,,,,,,,,,,
11700.00,12000.00,wellawatta_kollupitiya_general,174,89.85,298,23406,AGGREGATED,1132,1132,0.29,23479,78,0.10,192.12,64429.43,12.46,0.75,14918.07,192.49,2265.00
12000.00,12300.00,cross_junction_ratmalana_bus,0,19.12,0,163,AGGREGATED,15,18,0.14,157,45,0.17,6864.00,26196.64,0.67,0.04,23828.13,7544.28,20801.00
12000.00,12300.00,cross_junction_ratmalana_probe,0,2.91,0,48,AGGREGATED,15,15,0.02,45,43,0.01,3665.23,3851.71,1.21,0.07,3561.79,3741.91,2457.00
12000.00,12300.00,cross_junction_ratmalana_general,107,318.49,215,5247,AGGREGATED,1331,1331,2.41,5206,43,0.89,3294.24,421656.34,1.34,0.08,386553.03,3372.61,246522.78
12000.00,12300.00,wellawatta_kollupitiya_bus,0,1.34,0,139,AGGREGATED,0,0,0.00,140,76,0.00,356.11,925.74,6.52,0.39,100.83,402.75,8.00
12000.00,12300.00,wellawatta_kollupitiya_probe,0,0.17,0,32,AGGREGATED,4,4,0.00,31,78,0.00,221.35,122.24,10.82,0.65,36.71,223.94,18.00
12000.00,12300.00,wellawatta_kollupitiya_general,188,94.99,283,23605,AGGREGATED,1208,1208,0.30,23703,78,0.10,202.24,68119.62,11.84,0.71,18689.53,202.82,3152.89
12300.00,12600.00,cross_junction_ratmalana_bus,0,20.61,0,182,AGGREGATED,30,32,0.15,170,45,0.18,7473.16,28241.55,0.61,0.04,25878.80,8291.03,22354.00
12300.00,12600.00,cross_junction_ratmalana_probe,0,3.29,0,46,AGGREGATED,10,10,0.02,45,43,0.01,3793.83,4349.24,1.16,0.07,4038.29,3910.38,2768.00
12300.00,12600.00,cross_junction_ratmalana_general,115,350.07,171,5100,AGGREGATED,1403,1403,2.65,5064,43,0.98,3888.12,463472.31,1.14,0.07,430980.43,3993.35,286750.90
12300.00,12600.00,wellawatta_kollupitiya_bus,0,1.82,0,182,AGGREGATED,0,0,0.01,179,76,0.01,388.40,1262.39,5.98,0.36,194.20,443.79,56.00
12300.00,12600.00,wellawatta_kollupitiya_probe,0,0.48,0,124,AGGREGATED,6,6,0.00,125,78,0.00,199.73,343.11,11.99,0.72,72.70,200.18,3.00
12300.00,12600.00,wellawatta_kollupitiya_general,180,100.27,300,24433,AGGREGATED,1204,1204,0.32,24528,78,0.11,205.70,71907.60,11.64,0.70,20448.06,206.23,2558.00
12600.00,12900.00,cross_junction_ratmalana_bus,0,22.11,0,140,AGGREGATED,19,23,0.17,126,45,0.19,9203.44,30304.50,0.50,0.03,28296.89,10088.11,25159.00
12600.00,12900.00,cross_junction_ratmalana_probe,0,3.58,0,34,AGGREGATED,10,10,0.03,32,43,0.01,6133.25,4740.75,0.72,0.04,4518.59,6328.46,3215.00
12600.00,12900.00,cross_junction_ratmalana_general,71,378.93,205,4363,AGGREGATED,1036,1036,2.87,4306,43,1.06,4990.84,501675.59,0.88,0.05,474333.22,5128.77,331095.28
12600.00,12900.00,wellawatta_kollupitiya_bus,0,1.89,0,187,AGGREGATED,3,3,0.01,188,76,0.01,391.37,1307.98,5.93,0.36,189.53,447.95,49.00
12600.00,12900.00,wellawatta_kollupitiya_probe,,,,,,,,,,,,,,,,,,
12600.00,12900.00,wellawatta_kollupitiya_general,212,99.21,290,22990,AGGREGATED,1306,1306,0.32,23070,78,0.11,216.52,71146.69,11.06,0.66,22758.07,217.43,4156.56
12900.00,13200.00,cross_junction_ratmalana_bus,0,23.47,0,90,AGGREGATED,18,18,0.18,81,45,0.21,17592.53,32163.38,0.26,0.02,30898.95,19403.07,28448.00
12900.00,13200.00,cross_junction_ratmalana_probe,0,3.83,0,24,AGGREGATED,3,3,0.03,23,43,0.01,7935.53,5067.38,0.56,0.03,4893.76,8162.09,3658.00
12900.00,13200.00,cross_junction_ratmalana_general,60,419.74,166,2948,AGGREGATED,801,801,3.18,2896,43,1.18,7390.69,555705.13,0.60,0.04,535255.36,7577.11,405618.02
12900.00,13200.00,wellawatta_kollupitiya_bus,0,1.51,0,153,AGGREGATED,3,3,0.00,154,76,0.00,361.52,1048.81,6.42,0.39,120.08,405.82,18.00
12900.00,13200.00,wellawatta_kollupitiya_probe,,,,,,,,,,,,,,,,,,
12900.00,13200.00,wellawatta_kollupitiya_general,170,101.56,253,22962,AGGREGATED,1255,1255,0.33,23048,78,0.11,221.82,72827.79,10.79,0.65,24336.08,223.11,4465.87
13200.00,13500.00,cross_junction_ratmalana_bus,0,22.92,0,83,AGGREGATED,7,9,0.17,77,45,0.20,20900.47,31412.57,0.22,0.01,30594.98,22886.89,28106.00
13200.00,13500.00,cross_junction_ratmalana_probe,0,3.97,0,19,AGGREGATED,0,0,0.03,20,43,0.01,10777.47,5254.83,0.41,0.02,5118.73,11143.96,4092.00
13200.00,13500.00,cross_junction_ratmalana_general,27,446.37,175,2336,AGGREGATED,622,624,3.38,2395,43,1.26,9437.09,590966.12,0.47,0.03,573940.35,9695.89,460496.22
13200.00,13500.00,wellawatta_kollupitiya_bus,0,2.19,0,213,AGGREGATED,2,2,0.01,210,76,0.01,393.43,1518.82,5.90,0.35,207.54,447.51,32.00
13200.00,13500.00,wellawatta_kollupitiya_probe,0,0.16,0,43,AGGREGATED,2,2,0.00,41,78,0.00,171.02,117.88,14.00,0.84,22.40,172.58,2.00
13200.00,13500.00,wellawatta_kollupitiya_general,187,100.03,274,21377,AGGREGATED,1318,1318,0.32,21466,78,0.11,234.88,71729.77,10.19,0.61,26774.21,236.61,3958.80
13500.00,13800.00,cross_junction_ratmalana_bus,0,22.63,0,68,AGGREGATED,1,7,0.17,49,45,0.20,35665.29,31012.88,0.13,0.01,30505.74,39159.29,29070.00
13500.00,13800.00,cross_junction_ratmalana_probe,0,4.01,0,18,AGGREGATED,5,5,0.03,16,43,0.01,14429.70,5309.33,0.31,0.02,5206.01,14986.41,4322.00
13500.00,13800.00,cross_junction_ratmalana_general,21,456.60,147,1593,AGGREGATED,454,454,3.46,1670,43,1.29,16265.41,604509.28,0.27,0.02,594396.10,16820.99,517974.85
13500.00,13800.00,wellawatta_kollupitiya_bus,0,3.48,0,363,AGGREGATED,5,5,0.01,360,76,0.01,356.39,2413.44,6.52,0.39,378.78,397.89,102.00
13500.00,13800.00,wellawatta_kollupitiya_probe,0,0.51,0,113,AGGREGATED,3,3,0.00,115,78,0.00,231.85,366.51,10.33,0.62,147.52,233.28,6.00
13500.00,13800.00,wellawatta_kollupitiya_general,195,101.56,294,22193,AGGREGATED,1234,1234,0.33,22282,78,0.11,227.63,72832.39,10.52,0.63,25484.85,229.01,3584.00
13800.00,14100.00,cross_junction_ratmalana_bus,0,20.31,0,93,AGGREGATED,7,7,0.15,52,45,0.18,36476.01,27836.09,0.13,0.01,27291.03,38517.68,26091.00
13800.00,14100.00,cross_junction_ratmalana_probe,0,3.90,0,2,AGGREGATED,0,0,0.03,3,43,0.01,35499.50,5164.61,0.12,0.01,5123.97,35927.71,4714.00
13800.00,14100.00,cross_junction_ratmalana_general,15,465.55,139,1085,AGGREGATED,333,334,3.53,1170,43,1.31,21333.84,616357.70,0.21,0.01,608481.74,22003.72,556725.07
13800.00,14100.00,wellawatta_kollupitiya_bus,0,4.18,0,343,AGGREGATED,10,10,0.01,346,76,0.01,473.33,2896.40,4.91,0.29,943.48,547.56,448.00
13800.00,14100.00,wellawatta_kollupitiya_probe,0,0.12,0,33,AGGREGATED,4,4,0.00,33,78,0.00,197.17,88.36,12.14,0.73,14.76,196.90,3.00
13800.00,14100.00,wellawatta_kollupitiya_general,169,126.82,276,19954,AGGREGATED,1372,1372,0.41,19884,78,0.14,318.93,90942.41,7.51,0.45,48474.90,329.15,21603.57
14100.00,14400.00,cross_junction_ratmalana_bus,0,18.95,0,104,AGGREGATED,5,5,0.14,70,45,0.16,24347.36,25973.05,0.19,0.01,25291.89,26493.04,24018.10
14100.00,14400.00,cross_junction_ratmalana_probe,0,3.78,0,14,AGGREGATED,2,2,0.03,14,43,0.01,13187.68,4999.92,0.33,0.02,4896.37,13491.93,4327.00
14100.00,14400.00,cross_junction_ratmalana_general,26,463.57,163,1892,AGGREGATED,378,383,3.51,1913,43,1.30,12957.94,613740.34,0.34,0.02,600819.84,13326.47,528461.93
14100.00,14400.00,wellawatta_kollupitiya_bus,0,2.97,0,242,AGGREGATED,2,2,0.01,242,76,0.01,469.62,2060.77,4.95,0.30,707.01,527.00,334.00
14100.00,14400.00,wellawatta_kollupitiya_probe,0,0.35,0,37,AGGREGATED,2,2,0.00,36,78,0.00,467.79,249.19,5.12,0.31,161.71,485.55,65.00
14100.00,14400.00,wellawatta_kollupitiya_general,148,198.89,279,18917,AGGREGATED,1567,1567,0.64,19001,78,0.22,511.42,142629.52,4.68,0.28,101371.05,534.51,54321.52
