interval_begin,interval_end,interval_id,edge_arrived,edge_density,edge_departed,edge_entered,edge_id,edge_laneChangedFrom,edge_laneChangedTo,edge_laneDensity,edge_left,edge_occupancy,edge_overlapTraveltime,edge_sampledSeconds,edge_speed,edge_speedRelative,edge_timeLoss,edge_traveltime,edge_waitingTime
0.00,3600.00,ed_bus_speed,0,1.95,0,90,102651364#23.9,0,0,0.65,90,0.67,6.46,581.37,14.69,0.88,68.91,5.69,0.00
0.00,3600.00,ed_bus_speed,0,3.27,80,0,112446385#5,14,14,1.63,79,1.95,86.88,6803.34,6.79,0.41,4031.72,85.62,2586.00
0.00,3600.00,ed_bus_speed,3,0.11,0,3,15242148#0,0,0,0.11,0,0.13,26.77,76.94,7.40,0.89,8.58,25.10,0.00
0.00,3600.00,ed_bus_speed,2,0.06,0,2,155990909#1,2,2,0.03,0,0.03,26.99,52.57,9.71,0.87,6.64,25.76,0.00
0.00,3600.00,ed_bus_speed,0,1.85,0,69,161480084#0,0,0,0.93,69,0.87,4.11,283.34,13.26,0.80,57.96,3.16,9.00
0.00,3600.00,ed_bus_speed,0,2.49,0,69,161480084#1,0,0,1.24,69,1.24,6.18,426.10,9.66,0.58,179.28,5.02,32.00
0.00,3600.00,ed_bus_speed,0,1.52,0,65,161480084#10,1,1,0.76,65,0.72,3.75,243.74,15.04,0.90,23.79,2.95,0.00
0.00,3600.00,ed_bus_speed,0,2.91,0,65,161480084#11,2,2,1.45,65,0.72,1.37,89.01,14.97,0.90,9.07,0.56,0.00
0.00,3600.00,ed_bus_speed,0,1.43,0,65,161480084#12,1,1,0.72,65,0.73,5.37,349.30,14.84,0.89,38.34,4.56,0.00
0.00,3600.00,ed_bus_speed,0,1.48,0,65,161480084#14,15,15,0.74,65,0.76,5.54,358.17,14.34,0.86,50.00,4.70,0.00
0.00,3600.00,ed_bus_speed,0,1.53,0,65,161480084#15,4,4,0.77,65,0.75,4.35,282.89,14.54,0.87,36.15,3.53,0.00
0.00,3600.00,ed_bus_speed,0,1.74,0,65,161480084#16,0,0,0.87,65,0.95,10.58,687.50,11.49,0.69,213.51,9.50,57.00
0.00,3600.00,ed_bus_speed,0,9.32,0,65,161480084#17,5,5,4.66,65,5.37,33.42,2172.19,2.30,0.14,698.18,31.71,122.00
0.00,3600.00,ed_bus_speed,0,2.28,0,65,161480084#18,3,3,0.76,65,0.68,5.72,371.88,10.03,0.60,148.19,4.16,8.00
0.00,3600.00,ed_bus_speed,0,8.70,0,69,161480084#2,21,21,2.90,69,3.22,17.20,1165.40,2.86,0.17,389.30,15.46,115.00
0.00,3600.00,ed_bus_speed,0,6.36,0,65,161480084#20,2,2,2.12,65,2.30,18.57,1207.09,3.49,0.21,953.63,17.38,635.00
0.00,3600.00,ed_bus_speed,0,5.11,0,63,161480084#22,4,4,2.56,63,2.97,34.79,2191.70,3.77,0.23,833.50,33.38,128.00
0.00,3600.00,ed_bus_speed,0,1.35,0,63,161480084#23,1,1,0.67,63,0.72,9.12,574.27,14.31,0.86,81.19,8.33,0.00
0.00,3600.00,ed_bus_speed,0,4.43,0,63,161480084#24,11,11,2.22,60,2.57,31.63,1962.33,4.27,0.26,601.89,30.30,103.00
0.00,3600.00,ed_bus_speed,0,1.96,0,60,161480084#26,3,3,0.98,60,0.78,2.84,169.05,12.67,0.76,40.59,1.99,0.00
0.00,3600.00,ed_bus_speed,0,7.27,0,69,161480084#3,22,22,2.42,69,2.71,21.11,1456.34,3.21,0.19,1176.24,19.87,803.00
0.00,3600.00,ed_bus_speed,0,1.46,0,69,161480084#4,2,2,0.73,67,0.78,7.84,530.42,14.42,0.86,71.63,7.02,0.00
0.00,3600.00,ed_bus_speed,0,1.51,0,67,161480084#5,1,1,0.75,67,0.76,5.13,343.47,14.69,0.88,40.79,4.31,0.00
0.00,3600.00,ed_bus_speed,0,2.05,0,67,161480084#6,0,0,1.03,67,0.89,3.16,211.99,12.87,0.77,48.36,2.26,14.00
0.00,3600.00,ed_bus_speed,0,4.39,0,67,161480084#7,6,6,2.19,65,2.50,20.49,1358.24,4.78,0.29,467.73,19.42,101.00
0.00,3600.00,ed_bus_speed,0,1.71,0,65,161480084#8,2,2,0.86,65,0.76,3.37,219.28,14.11,0.85,33.68,2.57,0.00
0.00,3600.00,ed_bus_speed,0,1.53,0,65,161480084#9,0,0,0.76,65,0.72,3.80,247.26,14.97,0.90,25.28,3.01,0.00
0.00,3600.00,ed_bus_speed,0,0.20,0,4,185733519#1,0,0,0.07,4,0.05,3.21,12.85,9.30,0.67,4.25,2.05,0.00
0.00,3600.00,ed_bus_speed,2,0.30,0,2,18598988,0,0,0.15,0,0.17,47.74,84.76,1.91,0.69,26.20,41.52,0.00
0.00,3600.00,ed_bus_speed,0,1.68,0,78,194092438#4,3,3,0.84,78,0.85,5.30,412.90,15.15,0.91,37.60,4.53,0.00
0.00,3600.00,ed_bus_speed,0,1.77,0,78,194092438#5,5,5,0.89,78,0.87,4.28,332.96,15.01,0.90,33.12,3.47,0.00
0.00,3600.00,ed_bus_speed,0,1.59,0,78,194092438#6,4,4,0.80,78,0.85,7.15,557.37,15.26,0.92,47.12,6.37,0.00
0.00,3600.00,ed_bus_speed,0,1.65,0,78,194092438#7,2,2,0.82,78,0.86,6.05,471.26,15.15,0.91,43.05,5.25,0.00
0.00,3600.00,ed_bus_speed,4,0.09,0,4,194099559#0,0,0,0.02,0,0.03,16.60,63.54,12.96,0.93,4.25,15.68,0.00
0.00,3600.00,ed_bus_speed,3,0.07,0,3,19811337#1,1,1,0.03,0,0.04,26.17,76.80,12.14,0.87,9.70,25.18,0.00
0.00,3600.00,ed_bus_speed,0,0.18,0,4,23169388,0,0,0.06,4,0.03,1.73,6.93,13.10,0.94,0.40,0.82,0.00
0.00,3600.00,ed_bus_speed,3,0.44,0,3,23323086,0,0,0.44,0,0.52,142.84,411.10,1.90,0.69,129.29,136.54,0.00
0.00,3600.00,ed_bus_speed,0,0.10,0,4,259798301#1,0,0,0.05,4,0.04,2.92,11.69,15.76,0.95,0.64,2.18,0.00
0.00,3600.00,ed_bus_speed,0,1.27,0,39,289027979,0,0,0.42,39,0.28,1.68,65.68,15.68,0.94,3.91,0.92,0.00
0.00,3600.00,ed_bus_speed,0,9.19,0,19,351910071,0,0,4.59,19,4.11,43.12,819.24,0.85,0.05,777.33,41.56,693.00
0.00,3600.00,ed_bus_speed,0,0.08,0,4,356578615#0,9,9,0.02,4,0.02,9.59,37.29,14.44,0.87,4.66,8.74,0.00
0.00,3600.00,ed_bus_speed,0,0.68,4,0,376601738#2,0,0,0.68,4,0.81,85.35,311.60,1.62,0.59,141.14,82.46,50.00
0.00,3600.00,ed_bus_speed,39,0.75,0,39,455043449,0,0,0.37,0,0.41,7.22,269.85,15.57,0.93,17.76,6.46,0.00
0.00,3600.00,ed_bus_speed,0,0.76,0,39,455043472,0,0,0.38,39,0.42,9.08,354.01,15.60,0.94,22.78,8.30,0.00
0.00,3600.00,ed_bus_speed,0,0.98,0,39,455043517,0,0,0.49,39,0.41,2.60,101.32,15.70,0.94,5.92,1.83,0.00
0.00,3600.00,ed_bus_speed,0,0.77,0,39,455043526,0,0,0.26,39,0.28,7.43,289.61,15.75,0.94,15.98,6.66,0.00
0.00,3600.00,ed_bus_speed,0,2.46,0,77,48701240#1,0,0,1.23,77,0.85,1.90,145.33,14.98,0.90,14.70,1.09,0.00
0.00,3600.00,ed_bus_speed,0,1.44,0,75,48701240#11,7,7,0.72,75,0.82,14.03,1052.23,15.32,0.92,85.46,13.24,0.00
0.00,3600.00,ed_bus_speed,0,1.71,0,75,48701240#15,1,1,0.86,75,0.83,4.08,306.22,15.11,0.91,28.67,3.27,0.00
0.00,3600.00,ed_bus_speed,0,1.57,0,75,48701240#16,7,7,0.78,75,0.85,8.05,602.15,14.75,0.88,69.34,7.22,0.00
0.00,3600.00,ed_bus_speed,0,1.60,0,75,48701240#17.68,2,2,0.80,75,0.88,13.05,978.82,13.94,0.84,160.30,11.95,13.00
0.00,3600.00,ed_bus_speed,0,4.10,0,77,48701240#4,12,12,2.05,77,2.36,22.91,1762.57,5.74,0.34,430.08,22.11,39.00
0.00,3600.00,ed_bus_speed,0,1.53,0,77,48701240#6,6,6,0.77,77,0.84,9.56,735.59,15.20,0.91,65.01,8.74,0.00
0.00,3600.00,ed_bus_speed,0,4.49,0,77,48701240#9,11,11,2.25,75,2.59,22.46,1700.75,5.22,0.31,380.52,21.64,45.00
0.00,3600.00,ed_bus_speed,0,5.42,0,75,50071260#3,0,0,2.71,75,1.06,1.46,109.86,12.04,0.72,30.55,0.57,6.00
0.00,3600.00,ed_bus_speed,0,4.17,0,75,50071260#4,0,0,2.09,75,1.33,2.33,174.95,10.13,0.61,68.59,1.40,27.00
0.00,3600.00,ed_bus_speed,0,1.55,0,75,50071266#1,0,0,0.78,75,0.81,6.01,451.00,15.43,0.93,33.58,5.23,0.00
0.00,3600.00,ed_bus_speed,0,2.11,0,75,50071266#10,2,2,1.06,75,0.95,3.73,279.51,13.08,0.78,60.17,2.89,0.00
0.00,3600.00,ed_bus_speed,0,3.75,0,75,50071266#11,23,23,1.87,73,2.21,53.36,3949.51,5.71,0.34,1148.46,52.10,225.00
0.00,3600.00,ed_bus_speed,0,1.69,0,73,50071266#18,2,2,0.85,73,0.84,5.19,378.93,14.29,0.86,54.09,4.42,0.00
0.00,3600.00,ed_bus_speed,0,1.88,0,73,50071266#20,10,10,0.94,73,0.84,3.23,233.73,14.42,0.87,31.50,2.38,0.00
0.00,3600.00,ed_bus_speed,0,2.28,0,73,50071266#21,12,12,1.14,72,0.94,3.42,244.76,12.23,0.73,63.13,2.30,24.00
0.00,3600.00,ed_bus_speed,0,1.58,0,69,50071266#22,4,4,0.79,69,0.78,4.67,322.53,14.70,0.88,38.04,3.86,0.00
0.00,3600.00,ed_bus_speed,0,1.57,0,69,50071266#24,3,3,0.78,69,0.79,5.14,354.83,14.56,0.87,44.98,4.32,0.00
0.00,3600.00,ed_bus_speed,0,1.45,0,75,50071266#3,1,1,0.72,75,0.82,13.95,1046.00,15.25,0.91,89.13,13.15,0.00
0.00,3600.00,ed_bus_speed,0,3.14,0,75,50071266#7,13,13,1.57,75,1.81,26.62,1996.40,7.09,0.43,509.24,25.33,54.00
0.00,3600.00,ed_bus_speed,0,0.47,19,0,51086283#3,0,0,0.24,19,0.26,59.10,1102.30,11.16,0.67,364.21,51.90,168.00
0.00,3600.00,ed_bus_speed,0,0.40,0,4,668326453#5,0,0,0.13,4,0.04,1.24,4.94,12.50,0.90,0.49,0.29,0.00
0.00,3600.00,ed_bus_speed,0,1.70,0,90,758636097#0,4,4,0.85,87,0.97,15.84,1414.48,15.37,0.92,110.34,15.05,0.00
0.00,3600.00,ed_bus_speed,0,2.10,0,85,758636097#10,4,4,1.05,85,1.03,5.28,448.43,13.50,0.81,85.29,4.50,0.00
0.00,3600.00,ed_bus_speed,0,1.70,0,85,758636097#11,1,1,0.85,85,0.92,8.25,700.72,15.31,0.92,56.99,7.44,3.00
0.00,3600.00,ed_bus_speed,0,8.61,0,85,758636097#12,15,15,4.31,83,5.00,31.47,2653.07,3.10,0.19,703.63,30.09,102.00
0.00,3600.00,ed_bus_speed,0,2.08,0,83,758636097#14,4,4,1.04,83,0.94,3.35,277.68,14.67,0.88,33.39,2.55,0.00
0.00,3600.00,ed_bus_speed,0,1.62,0,83,758636097#15,5,5,0.81,83,0.92,14.27,1184.06,15.08,0.90,113.02,13.45,0.00
0.00,3600.00,ed_bus_speed,0,2.69,0,83,758636097#22,0,0,1.35,83,1.10,2.72,225.98,12.97,0.78,50.17,1.81,0.00
0.00,3600.00,ed_bus_speed,0,1.70,0,83,758636097#23,9,9,0.85,82,0.96,13.78,1140.63,14.36,0.86,154.41,12.87,0.00
0.00,3600.00,ed_bus_speed,0,3.03,0,79,758636097#25,33,33,1.51,78,1.80,84.09,6637.80,7.39,0.44,1420.21,83.15,136.00
0.00,3600.00,ed_bus_speed,0,4.16,0,87,758636097#3,55,55,2.08,85,2.46,66.04,5688.67,5.93,0.36,1411.12,64.64,163.00
0.00,3600.00,ed_bus_speed,0,5.64,0,98,CR_MP_001,102,102,1.88,98,2.21,44.22,4333.97,5.09,0.31,1327.48,43.43,370.00
0.00,3600.00,ed_bus_speed,0,4.67,0,98,CR_MP_002,1,1,1.56,98,0.72,1.28,125.90,15.17,0.91,11.32,0.49,0.00
0.00,3600.00,ed_bus_speed,0,3.29,0,98,CR_MP_003,1,1,1.10,98,0.71,1.71,166.93,15.26,0.92,14.17,0.92,0.00
0.00,3600.00,ed_bus_speed,0,2.33,0,98,CR_MP_004,0,0,0.78,98,0.72,3.37,329.55,15.17,0.91,29.58,2.57,0.00
0.00,3600.00,ed_bus_speed,0,4.54,0,98,CR_MP_005,32,32,1.51,97,1.76,29.28,2851.67,6.37,0.38,567.67,28.43,56.00
0.00,3600.00,ed_bus_speed,0,3.09,0,97,CR_MP_006,2,2,1.03,97,0.78,2.24,217.37,14.07,0.84,33.85,1.39,0.00
0.00,3600.00,ed_bus_speed,0,1.99,0,97,CR_MP_007,6,6,0.66,97,0.72,8.94,867.05,14.86,0.89,93.90,8.11,0.00
0.00,3600.00,ed_bus_speed,0,3.41,0,97,CR_MP_008,1,1,1.14,97,1.16,5.99,581.36,9.89,0.59,236.30,5.01,122.00
0.00,3600.00,ed_bus_speed,0,13.11,0,97,CR_MP_009,12,12,4.37,97,4.98,29.56,2863.51,2.46,0.15,761.25,28.23,104.00
0.00,3600.00,ed_bus_speed,0,2.32,0,97,CR_MP_010,2,2,0.77,96,0.75,4.83,466.71,14.05,0.84,73.38,4.05,0.00
0.00,3600.00,ed_bus_speed,0,2.35,0,96,CR_MP_011,2,2,0.78,96,0.68,2.75,263.32,15.69,0.94,15.44,1.98,0.00
0.00,3600.00,ed_bus_speed,0,2.60,0,96,CR_MP_012,21,21,0.87,95,1.02,42.61,4055.55,10.44,0.63,564.65,41.73,22.00
0.00,3600.00,ed_bus_speed,0,2.07,0,95,CR_MP_013,2,2,0.69,95,0.76,9.59,910.61,14.02,0.84,144.80,8.70,26.00
0.00,3600.00,ed_bus_speed,0,7.45,0,95,CR_MP_014,17,17,2.48,94,2.90,33.59,3178.25,3.89,0.23,954.34,32.66,170.00
0.00,3600.00,ed_bus_speed,0,2.34,0,94,CR_MP_015,3,3,0.78,94,0.69,3.08,289.22,15.04,0.90,28.31,2.30,0.00
0.00,3600.00,ed_bus_speed,0,2.38,0,94,CR_MP_016,10,10,0.79,94,0.69,2.83,266.06,15.23,0.91,23.06,2.04,0.00
0.00,3600.00,ed_bus_speed,0,1.83,0,94,CR_MP_017,5,5,0.61,94,0.68,10.49,986.40,15.42,0.92,74.26,9.72,0.00
0.00,3600.00,ed_bus_speed,0,2.46,0,94,CR_MP_018,0,0,0.82,94,0.72,3.50,329.13,14.04,0.84,51.98,2.46,6.00
0.00,3600.00,ed_bus_speed,0,0.20,0,4,CR_MP_020,4,4,0.07,4,0.06,4.60,18.41,8.27,0.50,9.27,3.12,0.00
0.00,3600.00,ed_bus_speed,0,1.97,0,98,CR_MP_021,4,4,0.66,98,0.71,9.71,951.07,15.07,0.90,91.39,8.94,0.00
0.00,3600.00,ed_bus_speed,0,5.68,0,98,CR_MP_022,23,23,1.89,98,2.20,25.20,2469.22,5.27,0.32,514.29,24.28,29.00
0.00,3600.00,ed_bus_speed,0,2.07,0,102,CR_MP_023,15,15,0.69,102,0.74,8.38,854.35,15.14,0.91,78.28,7.60,0.00
0.00,3600.00,ed_bus_speed,0,5.83,0,101,CR_MP_024,26,26,1.94,101,2.28,40.37,4075.58,5.10,0.31,1132.72,39.31,248.00
0.00,3600.00,ed_bus_speed,0,2.01,0,101,CR_MP_025,16,16,0.67,100,0.74,10.56,1059.51,14.98,0.90,107.51,9.75,0.00
0.00,3600.00,ed_bus_speed,0,5.23,0,100,CR_MP_026,20,20,1.74,99,2.04,32.64,3256.12,5.66,0.34,734.13,31.63,63.00
0.00,3600.00,ed_bus_speed,0,2.11,0,99,CR_MP_027,23,23,0.70,99,0.78,11.50,1137.96,14.06,0.84,178.03,10.64,46.00
0.00,3600.00,ed_bus_speed,0,5.44,0,99,CR_MP_028,2,2,1.81,99,1.97,11.00,1088.78,6.14,0.37,687.50,9.85,444.00
0.00,3600.00,ed_bus_speed,0,10.44,0,99,CR_MP_029,1,1,3.48,99,3.32,9.34,920.59,3.91,0.23,704.74,6.80,406.00
0.00,3600.00,ed_bus_speed,0,35.11,0,99,CR_MP_030,6,6,11.70,99,12.42,35.55,3508.97,1.12,0.07,1541.67,33.50,724.00
0.00,3600.00,ed_bus_speed,0,13.08,0,99,CR_MP_031,0,0,4.36,99,1.10,1.54,151.12,9.89,0.59,61.49,0.36,0.00
0.00,3600.00,ed_bus_speed,0,2.90,0,99,CR_MP_032,2,2,0.97,99,0.81,2.98,294.91,13.52,0.81,55.69,2.17,0.00
0.00,3600.00,ed_bus_speed,0,2.22,0,99,CR_MP_033,1,1,0.74,99,0.71,3.97,392.20,15.37,0.92,30.50,3.19,0.00
0.00,3600.00,ed_bus_speed,0,2.13,0,99,CR_MP_034,5,5,0.71,99,0.73,5.40,534.59,15.15,0.91,48.80,4.59,0.00
0.00,3600.00,ed_bus_speed,0,3.23,0,99,CR_MP_035,31,31,1.08,98,1.27,40.47,3974.86,8.75,0.52,700.73,39.66,50.00
0.00,3600.00,ed_bus_speed,0,2.66,0,98,CR_MP_036,0,0,0.89,98,0.73,2.62,255.83,14.81,0.89,28.47,1.81,0.00
0.00,3600.00,ed_bus_speed,0,4.02,0,98,CR_MP_037,37,37,1.34,96,1.57,45.78,4462.56,7.00,0.42,1082.88,44.68,113.00
0.00,3600.00,ed_bus_speed,0,1.83,0,96,CR_MP_038,12,12,0.61,96,0.70,21.21,2035.87,15.12,0.91,189.02,20.35,0.00
0.00,3600.00,ed_bus_speed,0,2.30,0,96,CR_MP_039,4,4,0.77,96,0.83,9.64,925.17,12.83,0.77,213.30,8.65,4.00
0.00,3600.00,ed_bus_speed,0,7.36,0,96,CR_MP_040,23,23,2.45,96,2.84,30.27,2901.78,4.01,0.24,1130.03,29.17,257.00
0.00,3600.00,ed_bus_speed,0,3.66,0,96,CR_MP_041,6,6,1.22,96,1.25,7.82,750.94,8.81,0.53,353.92,6.31,67.00
0.00,3600.00,ed_bus_speed,0,3.67,0,96,CR_MP_042,94,94,0.92,96,0.81,7.98,766.21,8.76,0.53,363.55,5.40,167.00
0.00,3600.00,ed_bus_speed,0,0.68,0,3,CR_MP_043,0,0,0.17,3,0.05,20.10,60.31,1.82,0.11,51.91,18.43,38.00
0.00,3600.00,ed_bus_speed,0,11.05,0,94,CR_MP_KATU_BUS_JUMP,0,0,11.05,94,12.84,36.35,3417.17,2.69,0.16,1025.28,35.20,188.00
0.00,3600.00,ed_bus_speed,0,13.47,0,93,CR_MP_RATH_BUS_JUMP,0,0,13.47,90,15.32,36.72,3349.98,2.21,0.13,1137.46,35.50,357.00
0.00,3600.00,ed_bus_speed,0,1.30,0,60,WK_MP_001,1,1,0.32,60,0.32,4.54,272.39,15.50,0.93,19.11,3.76,0.00
0.00,3600.00,ed_bus_speed,0,1.68,0,60,WK_MP_002,0,0,0.42,60,0.32,2.17,130.45,15.46,0.93,9.44,1.40,0.00
0.00,3600.00,ed_bus_speed,0,1.42,0,60,WK_MP_003,0,0,0.36,60,0.32,3.23,193.71,15.43,0.93,14.40,2.45,0.00
0.00,3600.00,ed_bus_speed,0,3.20,0,60,WK_MP_004,0,0,0.80,60,0.32,1.17,70.39,15.44,0.93,5.21,0.39,0.00
0.00,3600.00,ed_bus_speed,0,8.39,0,60,WK_MP_005,10,10,2.10,60,2.36,19.07,1143.99,2.62,0.16,317.57,17.08,72.00
0.00,3600.00,ed_bus_speed,0,1.51,0,60,WK_MP_006,1,1,0.38,60,0.36,4.39,263.36,13.79,0.83,45.55,3.62,0.00
0.00,3600.00,ed_bus_speed,0,1.40,0,60,WK_MP_007,3,3,0.35,60,0.32,3.15,189.17,15.73,0.94,10.64,2.39,0.00
0.00,3600.00,ed_bus_speed,0,1.46,0,60,WK_MP_008,0,0,0.37,60,0.32,2.79,167.27,15.69,0.94,9.84,2.02,0.00
0.00,3600.00,ed_bus_speed,0,2.68,0,60,WK_MP_009,13,13,0.67,59,0.77,17.94,1073.33,6.86,0.41,170.67,16.93,8.00
0.00,3600.00,ed_bus_speed,0,1.56,0,59,WK_MP_010,2,2,0.39,59,0.34,3.12,184.34,14.35,0.86,25.64,2.34,0.00
0.00,3600.00,ed_bus_speed,0,1.83,0,59,WK_MP_011,1,1,0.46,59,0.31,1.79,104.92,15.60,0.94,6.76,1.02,0.00
0.00,3600.00,ed_bus_speed,0,2.12,0,59,WK_MP_012,2,2,0.53,59,0.32,1.55,90.93,15.45,0.93,6.68,0.77,0.00
0.00,3600.00,ed_bus_speed,0,1.73,0,59,WK_MP_013,3,3,0.43,59,0.32,1.97,116.07,15.51,0.93,8.07,1.20,0.00
0.00,3600.00,ed_bus_speed,0,1.70,0,59,WK_MP_014,4,4,0.42,59,0.44,7.45,437.82,11.24,0.67,142.62,6.26,49.00
0.00,3600.00,ed_bus_speed,0,4.91,0,59,WK_MP_015,0,0,1.23,59,0.80,3.04,179.22,7.29,0.44,100.90,1.82,28.00
0.00,3600.00,ed_bus_speed,0,1.73,0,59,WK_MP_016,2,2,0.43,59,0.37,3.23,190.65,13.19,0.79,39.84,2.37,0.00
0.00,3600.00,ed_bus_speed,0,1.67,0,59,WK_MP_017,2,2,0.42,59,0.33,2.33,136.51,14.91,0.89,14.40,1.53,0.00
0.00,3600.00,ed_bus_speed,0,1.76,0,59,WK_MP_018,1,1,0.44,59,0.34,2.24,131.87,14.69,0.88,15.64,1.42,0.00
0.00,3600.00,ed_bus_speed,0,1.43,0,59,WK_MP_019,0,0,0.36,59,0.33,3.64,214.80,14.72,0.88,25.13,2.82,0.00
0.00,3600.00,ed_bus_speed,0,2.28,0,59,WK_MP_020,0,0,0.57,59,0.34,1.61,95.05,14.64,0.88,11.56,0.79,0.00
0.00,3600.00,ed_bus_speed,0,2.09,0,59,WK_MP_021,0,0,0.52,59,0.55,8.47,499.94,9.27,0.56,222.07,7.23,92.00
0.00,3600.00,ed_bus_speed,0,11.41,0,59,WK_MP_022,2,2,2.85,58,3.23,29.01,1701.07,1.84,0.11,494.27,27.28,59.00
0.00,3600.00,ed_bus_speed,0,2.20,0,58,WK_MP_023,0,0,0.55,58,0.40,2.49,144.28,12.15,0.73,39.10,1.59,0.00
0.00,3600.00,ed_bus_speed,0,3.14,0,58,WK_MP_024,1,1,0.79,58,0.33,1.24,71.76,14.82,0.89,7.95,0.44,0.00
0.00,3600.00,ed_bus_speed,0,1.50,0,58,WK_MP_025,0,0,0.38,57,0.31,2.40,137.90,15.61,0.94,8.78,1.64,0.00
0.00,3600.00,ed_bus_speed,0,1.59,0,57,WK_MP_026,0,0,0.40,57,0.31,2.17,123.58,15.48,0.93,8.83,1.39,0.00
0.00,3600.00,ed_bus_speed,0,2.36,0,57,WK_MP_027,0,0,0.59,57,0.30,1.34,76.66,15.63,0.94,4.78,0.58,0.00
0.00,3600.00,ed_bus_speed,0,2.34,0,57,WK_MP_028,0,0,0.59,56,0.30,1.35,76.20,15.55,0.93,5.13,0.58,0.00
0.00,3600.00,ed_bus_speed,0,3.66,0,56,WK_MP_029,0,0,0.92,56,0.30,1.07,59.87,15.47,0.93,4.31,0.29,0.00
0.00,3600.00,ed_bus_speed,0,2.70,0,56,WK_MP_030,0,0,0.67,56,0.30,1.23,68.81,15.53,0.93,4.72,0.46,0.00
0.00,3600.00,ed_bus_speed,0,3.25,0,56,WK_MP_031,0,0,0.81,56,0.30,1.12,62.55,15.52,0.93,4.30,0.34,0.00
0.00,3600.00,ed_bus_speed,0,1.46,0,56,WK_MP_032,0,0,0.36,56,0.30,2.47,138.58,15.52,0.93,9.58,1.70,0.00
0.00,3600.00,ed_bus_speed,0,1.87,0,56,WK_MP_033,0,0,0.47,56,0.30,1.71,95.96,15.32,0.92,7.74,0.92,0.00
0.00,3600.00,ed_bus_speed,0,5.64,0,56,WK_MP_034,5,5,1.41,54,1.65,37.02,2053.82,3.06,0.18,520.16,35.68,56.00
0.00,3600.00,ed_bus_speed,0,3.18,0,54,WK_MP_035,0,0,0.80,54,0.38,1.67,90.06,11.91,0.71,25.73,0.71,0.00
0.00,3600.00,ed_bus_speed,0,1.19,0,54,WK_MP_036,5,5,0.30,54,0.30,4.74,255.81,15.10,0.91,24.04,3.96,0.00
0.00,3600.00,ed_bus_speed,0,1.23,0,54,WK_MP_037,0,0,0.31,54,0.29,3.51,189.56,15.57,0.93,12.53,2.74,0.00
0.00,3600.00,ed_bus_speed,0,1.65,0,54,WK_MP_038,0,0,0.41,54,0.35,2.93,158.20,13.21,0.79,32.80,2.07,4.00
0.00,3600.00,ed_bus_speed,0,2.21,0,54,WK_MP_039,0,0,0.55,54,0.30,1.42,76.93,15.23,0.91,6.67,0.64,0.00
0.00,3600.00,ed_bus_speed,0,1.32,0,54,WK_MP_040,0,0,0.33,54,0.30,3.14,169.36,15.17,0.91,15.20,2.34,0.00
0.00,3600.00,ed_bus_speed,0,1.77,0,54,WK_MP_041,0,0,0.44,54,0.31,2.01,108.42,14.43,0.87,14.58,1.14,0.00
0.00,3600.00,ed_bus_speed,0,5.34,0,54,WK_MP_042,0,0,1.34,53,1.41,12.16,653.01,3.78,0.23,505.01,10.35,288.00
0.00,3600.00,ed_bus_speed,0,26.77,0,52,WK_MP_043,0,0,6.69,51,7.36,27.28,1387.75,0.97,0.06,382.28,23.67,11.00
0.00,3600.00,ed_bus_speed,0,3.86,0,51,WK_MP_044,0,0,0.97,51,0.50,2.53,128.35,8.40,0.50,63.69,1.26,0.00
0.00,3600.00,ed_bus_speed,0,1.09,0,51,WK_MP_045,3,3,0.27,51,0.29,6.95,354.37,14.70,0.88,41.94,6.18,0.00
0.00,3600.00,ed_bus_speed,0,1.13,0,51,WK_MP_046,0,0,0.28,51,0.28,4.36,222.25,15.33,0.92,14.87,3.52,0.00
0.00,3600.00,ed_bus_speed,0,1.03,0,49,WK_MP_047,0,0,0.26,48,0.28,12.04,585.93,14.12,0.85,89.80,10.56,16.00
0.00,3600.00,ed_bus_speed,0,10.05,0,48,WK_MP_048,1,1,2.51,47,2.88,30.98,1473.66,1.70,0.10,381.21,29.41,21.00
0.00,3600.00,ed_bus_speed,0,1.58,0,47,WK_MP_049,0,0,0.39,47,0.32,3.05,143.41,12.22,0.73,38.28,2.20,0.00
0.00,3600.00,ed_bus_speed,0,1.71,0,47,WK_MP_050,1,1,0.43,47,0.25,1.53,72.03,15.46,0.93,5.21,0.77,0.00
0.00,3600.00,ed_bus_speed,0,1.32,0,47,WK_MP_051,0,0,0.33,47,0.26,2.24,105.47,15.24,0.91,9.07,1.46,0.00
0.00,3600.00,ed_bus_speed,0,1.66,0,47,WK_MP_052,0,0,0.42,47,0.40,4.19,196.82,10.73,0.64,70.14,3.23,42.00
0.00,3600.00,ed_bus_speed,0,2.46,0,47,WK_MP_053,0,0,0.61,47,0.38,1.98,93.18,11.37,0.68,29.63,1.10,9.00
0.00,3600.00,ed_bus_speed,0,2.65,0,47,WK_MP_054,0,0,0.66,47,0.54,3.02,142.13,8.89,0.53,66.31,1.96,31.00
0.00,3600.00,ed_bus_speed,0,12.57,0,47,WK_MP_055,0,0,3.14,47,1.47,5.91,277.80,3.07,0.18,226.66,3.89,142.00
0.00,3600.00,ed_bus_speed,0,17.36,0,47,WK_MP_056,0,0,4.34,46,4.73,28.63,1334.48,1.17,0.07,402.30,25.72,68.00
0.00,3600.00,ed_bus_speed,0,4.79,0,46,WK_MP_057,0,0,1.20,46,0.44,1.98,90.85,8.74,0.52,43.20,0.69,0.00
0.00,3600.00,ed_bus_speed,0,2.51,0,46,WK_MP_058,0,0,0.63,46,0.33,1.87,85.88,11.53,0.69,26.50,0.89,0.00
0.00,3600.00,ed_bus_speed,0,1.45,0,46,WK_MP_059,0,0,0.36,46,0.26,2.00,91.86,14.80,0.89,10.29,1.22,0.00
0.00,3600.00,ed_bus_speed,0,0.99,0,46,WK_MP_060,0,0,0.25,46,0.24,4.21,193.56,15.71,0.94,11.19,3.44,0.00
0.00,3600.00,ed_bus_speed,0,1.52,0,46,WK_MP_061,0,0,0.38,46,0.25,1.67,76.62,15.62,0.94,4.85,0.90,0.00
0.00,3600.00,ed_bus_speed,0,2.27,0,46,WK_MP_062,0,0,0.57,46,0.54,7.74,355.14,7.18,0.43,202.20,5.70,113.00
0.00,3600.00,ed_bus_speed,0,23.16,0,45,WK_MP_063,0,0,5.79,45,6.38,26.50,1192.50,0.99,0.06,303.60,23.98,16.00
0.00,3600.00,ed_bus_speed,0,2.23,0,44,WK_MP_064,0,0,0.56,44,0.36,2.68,117.71,9.96,0.60,47.37,1.62,0.00
0.00,3600.00,ed_bus_speed,0,2.59,0,44,WK_MP_065,0,0,0.65,44,0.27,1.35,59.54,13.58,0.81,11.03,0.50,0.00
0.00,3600.00,ed_bus_speed,0,1.07,0,44,WK_MP_066,0,0,0.27,44,0.23,2.86,126.01,15.59,0.94,8.13,2.10,0.00
0.00,3600.00,ed_bus_speed,0,1.09,0,44,WK_MP_067,0,0,0.27,44,0.23,2.65,116.61,15.72,0.94,6.65,1.88,0.00
0.00,3600.00,ed_bus_speed,0,1.65,0,44,WK_MP_068,0,0,0.41,44,0.23,1.45,63.81,15.69,0.94,3.77,0.68,0.00
0.00,3600.00,ed_bus_speed,0,2.70,0,44,WK_MP_069,0,0,0.68,44,0.24,1.09,48.02,15.52,0.93,3.30,0.32,0.00
0.00,3600.00,ed_bus_speed,0,0.87,0,44,WK_MP_070,0,0,0.22,44,0.23,7.59,333.99,15.61,0.94,21.18,6.82,0.00
0.00,3600.00,ed_bus_speed,0,2.35,0,44,WK_MP_071,0,0,0.59,44,0.24,1.16,51.06,15.54,0.93,3.47,0.39,0.00
0.00,3600.00,ed_bus_speed,0,1.26,0,44,WK_MP_072,0,0,0.32,44,0.24,2.07,91.21,15.48,0.93,6.51,1.29,0.00
0.00,3600.00,ed_bus_speed,0,1.21,0,44,WK_MP_073,0,0,0.30,44,0.25,2.65,116.54,14.62,0.88,14.31,1.81,0.00
0.00,3600.00,ed_bus_speed,0,1.06,0,44,WK_MP_074,0,0,0.27,44,0.25,3.56,156.59,14.87,0.89,16.94,2.73,0.00
0.00,3600.00,ed_bus_speed,0,1.35,0,44,WK_MP_075,0,0,0.34,44,0.26,2.43,107.02,13.97,0.84,17.33,1.50,0.00
0.00,3600.00,ed_bus_speed,0,10.46,0,44,WK_MP_076,0,0,2.62,44,0.93,4.06,178.57,4.12,0.25,134.39,2.79,77.00
0.00,3600.00,ed_bus_speed,0,11.19,0,44,WK_MP_077,1,1,2.80,43,3.17,27.38,1179.93,1.51,0.09,286.32,24.78,14.00
0.00,3600.00,ed_bus_speed,0,1.03,0,43,WK_MP_078,7,7,0.26,43,0.27,8.22,353.59,13.11,0.79,75.47,7.44,0.00
0.00,3600.00,ed_bus_speed,0,5.99,0,75,gneE40,9,9,2.99,75,3.51,36.60,2742.73,3.80,0.23,738.85,35.80,65.00
0.00,3600.00,ed_bus_speed,0,0.15,4,0,gneE5,4,4,0.08,4,0.09,64.07,249.61,7.24,0.52,117.79,62.28,86.00
3600.00,7200.00,ed_bus_speed,0,1.93,0,88,102651364#23.9,0,0,0.64,87,0.66,6.55,575.14,14.49,0.87,75.33,5.78,0.00
3600.00,7200.00,ed_bus_speed,0,13.58,104,0,112446385#5,10,10,6.79,98,8.13,284.61,28268.81,2.07,0.12,24753.29,283.26,17124.00
3600.00,7200.00,ed_bus_speed,3,0.12,0,3,15242148#0,0,0,0.12,0,0.13,26.99,77.87,7.34,0.88,9.24,25.30,0.00
3600.00,7200.00,ed_bus_speed,1,0.03,0,1,155990909#1,1,1,0.01,0,0.02,25.63,25.12,10.22,0.92,2.01,24.50,0.00
3600.00,7200.00,ed_bus_speed,0,5.38,0,71,161480084#0,5,5,2.69,71,2.67,11.58,822.09,4.70,0.28,590.18,9.51,166.00
3600.00,7200.00,ed_bus_speed,0,5.26,0,71,161480084#1,1,1,2.63,71,2.66,12.70,901.88,4.69,0.28,647.91,11.24,240.00
3600.00,7200.00,ed_bus_speed,0,5.38,0,72,161480084#10,3,3,2.69,72,2.84,11.95,860.62,4.72,0.28,616.98,10.51,271.00
3600.00,7200.00,ed_bus_speed,0,7.95,0,72,161480084#11,3,3,3.97,72,2.23,3.41,243.20,6.00,0.36,155.60,1.84,51.00
3600.00,7200.00,ed_bus_speed,0,7.79,0,72,161480084#12,4,4,3.90,71,4.34,26.55,1900.62,3.00,0.18,1558.14,24.42,783.00
3600.00,7200.00,ed_bus_speed,0,9.29,0,71,161480084#14,4,4,4.65,70,5.13,32.00,2255.14,2.48,0.15,1919.43,29.59,841.00
3600.00,7200.00,ed_bus_speed,0,9.97,0,70,161480084#15,0,0,4.98,70,5.30,26.36,1840.43,2.40,0.14,1575.42,23.19,603.00
3600.00,7200.00,ed_bus_speed,0,10.85,0,69,161480084#16,0,0,5.42,68,6.23,62.78,4279.16,1.94,0.12,3782.12,60.30,1770.00
3600.00,7200.00,ed_bus_speed,0,15.83,0,68,161480084#17,0,0,7.92,67,9.08,54.42,3688.47,1.41,0.08,2149.68,52.34,1041.00
3600.00,7200.00,ed_bus_speed,0,8.12,0,67,161480084#18,0,0,2.71,67,2.55,19.78,1325.57,2.90,0.17,1094.99,13.14,700.00
3600.00,7200.00,ed_bus_speed,0,10.49,0,71,161480084#2,16,16,3.50,71,3.90,20.10,1406.41,2.45,0.15,565.84,18.30,211.00
3600.00,7200.00,ed_bus_speed,0,10.40,0,67,161480084#20,0,0,3.47,67,3.62,29.45,1972.91,2.20,0.13,1712.27,28.17,1400.00
3600.00,7200.00,ed_bus_speed,0,5.85,0,66,161480084#22,5,5,2.93,65,3.39,38.10,2508.23,3.44,0.21,955.71,36.65,132.00
3600.00,7200.00,ed_bus_speed,0,1.42,0,65,161480084#23,1,1,0.71,65,0.76,9.31,605.05,14.02,0.84,96.32,8.50,0.00
3600.00,7200.00,ed_bus_speed,0,5.14,0,65,161480084#24,5,5,2.57,68,2.99,34.50,2275.55,3.91,0.23,726.30,33.25,149.00
3600.00,7200.00,ed_bus_speed,0,2.27,0,68,161480084#26,3,3,1.14,68,0.90,2.90,196.44,12.42,0.75,50.03,2.03,0.00
3600.00,7200.00,ed_bus_speed,0,6.24,0,71,161480084#3,19,19,2.08,70,2.28,17.77,1249.95,3.81,0.23,964.43,16.60,587.00
3600.00,7200.00,ed_bus_speed,0,1.57,0,70,161480084#4,2,2,0.79,72,0.84,8.02,572.08,14.09,0.85,88.55,7.15,0.00
3600.00,7200.00,ed_bus_speed,0,2.76,0,72,161480084#5,2,2,1.38,71,1.47,8.77,629.58,8.59,0.52,305.08,7.65,122.00
3600.00,7200.00,ed_bus_speed,0,3.77,0,71,161480084#6,0,0,1.89,71,1.73,5.52,389.99,7.38,0.44,217.31,4.03,51.00
3600.00,7200.00,ed_bus_speed,0,6.13,0,71,161480084#7,4,4,3.06,72,3.48,26.62,1895.93,3.68,0.22,878.46,25.26,263.00
3600.00,7200.00,ed_bus_speed,0,5.08,0,72,161480084#8,5,5,2.54,72,2.59,9.09,651.69,5.23,0.31,447.04,7.78,236.00
3600.00,7200.00,ed_bus_speed,0,5.83,0,72,161480084#9,3,3,2.91,72,3.10,13.09,942.25,4.35,0.26,696.36,11.53,333.00
3600.00,7200.00,ed_bus_speed,0,0.45,0,9,185733519#1,0,0,0.15,9,0.11,3.24,29.15,9.22,0.66,9.79,2.06,0.00
3600.00,7200.00,ed_bus_speed,3,0.45,0,3,18598988,0,0,0.23,0,0.25,48.58,128.64,1.88,0.68,41.30,42.37,0.00
3600.00,7200.00,ed_bus_speed,0,1.89,0,89,194092438#4,4,4,0.95,88,0.96,5.29,465.29,15.18,0.91,41.51,4.52,0.00
3600.00,7200.00,ed_bus_speed,0,2.05,0,88,194092438#5,5,5,1.02,88,1.01,4.37,384.54,14.70,0.88,45.47,3.56,0.00
3600.00,7200.00,ed_bus_speed,0,1.78,0,88,194092438#6,2,2,0.89,88,0.95,7.08,623.19,15.42,0.92,46.78,6.31,0.00
3600.00,7200.00,ed_bus_speed,0,1.84,0,88,194092438#7,3,3,0.92,88,0.96,5.99,527.60,15.28,0.92,43.96,5.20,0.00
3600.00,7200.00,ed_bus_speed,9,0.21,0,9,194099559#0,1,1,0.05,0,0.06,17.17,150.22,12.53,0.90,14.72,16.22,0.00
3600.00,7200.00,ed_bus_speed,4,0.10,0,4,19811337#1,1,1,0.05,0,0.06,27.50,107.03,11.55,0.83,18.04,26.51,0.00
3600.00,7200.00,ed_bus_speed,0,0.44,0,9,23169388,0,0,0.15,9,0.08,1.88,16.95,12.05,0.87,2.24,0.91,0.00
3600.00,7200.00,ed_bus_speed,4,0.59,0,4,23323086,0,0,0.59,0,0.69,142.61,546.37,1.90,0.69,171.23,136.33,0.00
3600.00,7200.00,ed_bus_speed,0,0.34,0,9,259798301#1,0,0,0.17,9,0.15,4.72,42.15,9.76,0.59,17.48,3.20,0.00
3600.00,7200.00,ed_bus_speed,0,2.12,0,62,289027979,0,0,0.71,62,0.46,1.77,109.81,14.91,0.89,11.62,0.97,0.00
3600.00,7200.00,ed_bus_speed,0,2.45,0,17,351910071,0,0,1.22,17,1.27,12.85,218.39,2.86,0.17,180.89,11.39,120.00
3600.00,7200.00,ed_bus_speed,0,0.39,0,9,356578615#0,22,22,0.08,9,0.08,19.87,176.60,6.97,0.42,102.07,17.72,6.00
3600.00,7200.00,ed_bus_speed,0,0.61,3,0,376601738#2,0,0,0.61,3,0.73,102.10,279.56,1.36,0.49,151.90,99.73,82.00
3600.00,7200.00,ed_bus_speed,62,1.23,0,62,455043449,0,0,0.61,0,0.67,7.41,442.88,15.18,0.91,39.69,6.63,0.00
3600.00,7200.00,ed_bus_speed,0,1.24,0,62,455043472,0,0,0.62,62,0.68,9.35,579.68,15.14,0.91,53.11,8.55,0.00
3600.00,7200.00,ed_bus_speed,0,1.58,0,62,455043517,1,1,0.79,62,0.67,2.65,164.18,15.40,0.92,12.51,1.86,0.00
3600.00,7200.00,ed_bus_speed,0,1.25,0,62,455043526,1,1,0.42,62,0.45,7.62,472.49,15.35,0.92,37.48,6.84,0.00
3600.00,7200.00,ed_bus_speed,0,2.85,0,89,48701240#1,1,1,1.43,88,0.99,1.92,168.69,14.83,0.89,18.67,1.09,0.00
3600.00,7200.00,ed_bus_speed,0,1.69,0,87,48701240#11,10,10,0.85,87,0.96,14.20,1235.19,15.13,0.91,114.06,13.40,0.00
3600.00,7200.00,ed_bus_speed,0,2.00,0,87,48701240#15,1,1,1.00,87,0.97,4.13,358.55,14.94,0.90,37.14,3.33,0.00
3600.00,7200.00,ed_bus_speed,0,1.85,0,87,48701240#16,10,10,0.92,87,1.00,8.18,710.83,14.51,0.87,92.13,7.30,0.00
3600.00,7200.00,ed_bus_speed,0,3.72,0,87,48701240#17.68,1,1,1.86,85,2.07,26.43,2274.29,6.88,0.41,1335.09,23.47,625.00
3600.00,7200.00,ed_bus_speed,0,5.28,0,88,48701240#4,16,16,2.64,86,3.06,26.11,2269.70,5.03,0.30,617.34,25.27,102.00
3600.00,7200.00,ed_bus_speed,0,1.78,0,86,48701240#6,8,8,0.89,86,0.98,9.93,852.87,14.63,0.88,104.18,9.03,0.00
3600.00,7200.00,ed_bus_speed,0,5.44,0,86,48701240#9,13,13,2.72,87,3.14,23.77,2060.83,4.93,0.30,585.50,22.97,65.00
3600.00,7200.00,ed_bus_speed,0,20.18,0,85,50071260#3,0,0,10.09,85,4.29,4.81,408.96,3.66,0.22,319.07,3.37,209.00
3600.00,7200.00,ed_bus_speed,0,11.99,0,84,50071260#4,0,0,6.00,84,4.31,5.98,502.59,3.95,0.24,383.47,3.98,187.00
3600.00,7200.00,ed_bus_speed,0,6.45,0,81,50071266#1,4,4,3.22,81,3.45,23.14,1874.64,4.01,0.24,1423.81,20.40,254.00
3600.00,7200.00,ed_bus_speed,0,7.77,0,78,50071266#10,2,2,3.88,78,3.58,13.17,1027.57,3.70,0.22,799.47,10.05,32.00
3600.00,7200.00,ed_bus_speed,0,8.65,0,78,50071266#11,3,3,4.33,76,5.07,118.69,9111.87,2.57,0.15,6199.39,116.81,664.00
3600.00,7200.00,ed_bus_speed,0,5.32,0,76,50071266#18,1,1,2.66,76,2.80,15.66,1189.98,4.74,0.28,851.79,13.67,189.00
3600.00,7200.00,ed_bus_speed,0,5.34,0,76,50071266#20,1,1,2.67,76,2.52,8.82,665.60,5.29,0.32,454.56,7.07,84.00
3600.00,7200.00,ed_bus_speed,0,6.27,0,76,50071266#21,10,10,3.13,76,2.70,8.85,672.05,4.72,0.28,479.35,6.38,102.00
3600.00,7200.00,ed_bus_speed,0,4.88,0,71,50071266#22,4,4,2.44,71,2.53,14.07,996.79,4.88,0.29,704.75,11.96,175.00
3600.00,7200.00,ed_bus_speed,0,5.11,0,71,50071266#24,11,11,2.55,71,2.71,16.37,1156.17,4.57,0.27,838.97,14.63,256.00
3600.00,7200.00,ed_bus_speed,0,7.44,0,81,50071266#3,0,0,3.72,78,4.27,67.95,5374.68,3.13,0.19,4365.50,64.78,862.00
3600.00,7200.00,ed_bus_speed,0,9.50,0,78,50071266#7,2,2,4.75,78,5.49,77.49,6043.90,2.44,0.15,4405.77,74.99,826.00
3600.00,7200.00,ed_bus_speed,0,1.60,18,0,51086283#3,0,0,0.80,17,0.92,211.83,3719.48,3.11,0.19,3024.62,199.85,2280.00
3600.00,7200.00,ed_bus_speed,0,1.31,0,9,668326453#5,1,1,0.44,9,0.12,1.81,16.25,8.56,0.62,6.24,0.55,0.00
3600.00,7200.00,ed_bus_speed,0,1.70,0,87,758636097#0,4,4,0.85,90,0.97,16.12,1413.12,15.10,0.91,132.98,15.28,1.00
3600.00,7200.00,ed_bus_speed,0,2.25,0,92,758636097#10,6,6,1.13,91,1.11,5.25,480.59,13.57,0.81,89.35,4.46,0.00
3600.00,7200.00,ed_bus_speed,0,1.84,0,91,758636097#11,6,6,0.92,91,1.00,8.34,758.57,15.14,0.91,69.55,7.54,0.00
3600.00,7200.00,ed_bus_speed,0,8.83,0,91,758636097#12,13,13,4.42,91,5.11,30.00,2721.00,3.25,0.20,720.23,28.65,97.00
3600.00,7200.00,ed_bus_speed,0,2.26,0,90,758636097#14,0,0,1.13,90,1.01,3.35,301.22,14.66,0.88,36.30,2.56,0.00
3600.00,7200.00,ed_bus_speed,0,1.77,0,90,758636097#15,6,6,0.88,90,1.00,14.37,1293.51,14.97,0.90,132.14,13.54,9.00
3600.00,7200.00,ed_bus_speed,0,2.72,0,90,758636097#22,0,0,1.36,90,1.09,2.54,227.87,13.89,0.83,37.94,1.67,0.00
3600.00,7200.00,ed_bus_speed,0,1.85,0,90,758636097#23,8,8,0.92,91,1.04,13.72,1238.50,14.43,0.87,163.28,12.82,0.00
3600.00,7200.00,ed_bus_speed,0,3.39,0,88,758636097#25,35,35,1.70,89,2.01,84.49,7439.23,7.35,0.44,1565.15,83.55,182.00
3600.00,7200.00,ed_bus_speed,0,4.48,0,90,758636097#3,66,66,2.24,92,2.64,67.37,6121.50,5.81,0.35,1578.90,66.03,265.00
3600.00,7200.00,ed_bus_speed,0,6.49,0,115,CR_MP_001,121,121,2.16,115,2.54,43.33,4981.04,5.20,0.31,1762.47,42.40,332.00
3600.00,7200.00,ed_bus_speed,0,6.06,0,115,CR_MP_002,0,0,2.02,115,0.93,1.42,163.34,13.72,0.82,28.89,0.56,0.00
3600.00,7200.00,ed_bus_speed,0,4.29,0,115,CR_MP_003,0,0,1.43,115,0.94,1.89,217.65,13.78,0.83,37.74,1.04,0.00
3600.00,7200.00,ed_bus_speed,0,2.98,0,115,CR_MP_004,2,2,0.99,115,0.91,3.65,420.19,14.02,0.84,66.92,2.79,3.00
3600.00,7200.00,ed_bus_speed,0,4.78,0,115,CR_MP_005,19,19,1.59,115,1.85,26.18,3004.17,7.13,0.43,713.71,25.30,48.00
3600.00,7200.00,ed_bus_speed,0,4.05,0,114,CR_MP_006,1,1,1.35,114,1.03,2.51,285.14,12.57,0.75,70.21,1.56,0.00
3600.00,7200.00,ed_bus_speed,0,2.49,0,114,CR_MP_007,8,8,0.83,114,0.90,9.49,1082.31,14.00,0.84,173.66,8.60,30.00
3600.00,7200.00,ed_bus_speed,0,4.67,0,114,CR_MP_008,1,1,1.56,114,1.61,6.97,794.78,8.51,0.51,389.25,5.89,204.00
3600.00,7200.00,ed_bus_speed,0,13.56,0,114,CR_MP_009,22,22,4.52,113,5.17,26.06,2962.19,2.79,0.17,879.67,24.77,131.00
3600.00,7200.00,ed_bus_speed,0,2.93,0,113,CR_MP_010,6,6,0.98,114,0.96,5.21,589.52,13.03,0.78,128.71,4.40,19.00
3600.00,7200.00,ed_bus_speed,0,2.89,0,114,CR_MP_011,4,4,0.96,114,0.83,2.84,323.53,15.15,0.91,29.50,2.05,0.00
3600.00,7200.00,ed_bus_speed,0,3.25,0,113,CR_MP_012,46,46,1.08,113,1.28,44.75,5067.82,9.94,0.60,930.02,43.90,125.00
3600.00,7200.00,ed_bus_speed,0,2.46,0,113,CR_MP_013,9,9,0.82,113,0.90,9.58,1082.25,14.02,0.84,171.96,8.66,3.00
3600.00,7200.00,ed_bus_speed,0,8.16,0,113,CR_MP_014,15,15,2.72,113,3.17,30.82,3481.89,4.24,0.25,1040.12,29.87,141.00
3600.00,7200.00,ed_bus_speed,0,3.01,0,113,CR_MP_015,2,2,1.00,113,0.89,3.29,371.48,14.09,0.85,57.43,2.45,0.00
3600.00,7200.00,ed_bus_speed,0,2.82,0,113,CR_MP_016,16,16,0.94,113,0.82,2.81,315.56,15.34,0.92,25.26,2.04,0.00
3600.00,7200.00,ed_bus_speed,0,2.27,0,113,CR_MP_017,4,4,0.76,113,0.84,10.83,1224.01,14.93,0.90,127.50,10.00,29.00
3600.00,7200.00,ed_bus_speed,0,3.88,0,113,CR_MP_018,0,0,1.29,113,1.16,4.59,518.88,10.70,0.64,185.71,3.29,95.00
3600.00,7200.00,ed_bus_speed,0,0.16,0,3,CR_MP_020,3,3,0.05,3,0.05,4.96,14.89,7.67,0.46,8.04,3.37,0.00
3600.00,7200.00,ed_bus_speed,0,2.32,0,114,CR_MP_021,3,3,0.77,114,0.84,9.85,1122.65,14.85,0.89,122.57,9.07,0.00
3600.00,7200.00,ed_bus_speed,0,6.14,0,114,CR_MP_022,28,28,2.05,114,2.37,23.42,2668.88,5.67,0.34,658.93,22.49,86.00
3600.00,7200.00,ed_bus_speed,0,2.40,0,117,CR_MP_023,17,17,0.80,117,0.87,8.49,993.51,14.94,0.90,103.27,7.70,0.00
3600.00,7200.00,ed_bus_speed,0,6.36,0,118,CR_MP_024,37,37,2.12,116,2.48,37.88,4441.99,5.44,0.33,1127.47,36.82,154.00
3600.00,7200.00,ed_bus_speed,0,2.40,0,116,CR_MP_025,26,26,0.80,117,0.88,10.83,1263.03,14.61,0.88,156.03,9.96,0.00
3600.00,7200.00,ed_bus_speed,0,6.48,0,117,CR_MP_026,30,30,2.16,117,2.52,34.48,4032.94,5.36,0.32,1067.18,33.45,164.00
3600.00,7200.00,ed_bus_speed,0,2.49,0,117,CR_MP_027,30,30,0.83,116,0.92,11.49,1343.35,14.07,0.84,209.38,10.63,53.00
3600.00,7200.00,ed_bus_speed,0,6.71,0,116,CR_MP_028,6,6,2.24,115,2.44,11.60,1342.69,5.82,0.35,873.63,10.27,531.00
3600.00,7200.00,ed_bus_speed,0,18.08,0,115,CR_MP_029,0,0,6.03,114,5.73,13.99,1594.37,2.61,0.16,1344.83,9.99,909.00
3600.00,7200.00,ed_bus_speed,0,37.14,0,113,CR_MP_030,7,7,12.38,111,12.92,33.16,3711.93,1.20,0.07,1746.09,30.92,861.65
3600.00,7200.00,ed_bus_speed,0,19.71,0,111,CR_MP_031,0,0,6.57,109,1.59,2.09,227.75,7.27,0.44,128.47,0.91,51.00
3600.00,7200.00,ed_bus_speed,0,4.64,0,109,CR_MP_032,1,1,1.55,109,1.37,4.34,472.53,9.29,0.56,209.25,3.44,107.00
3600.00,7200.00,ed_bus_speed,0,4.97,0,109,CR_MP_033,2,2,1.66,108,1.72,8.07,876.33,7.56,0.45,479.09,7.03,271.00
3600.00,7200.00,ed_bus_speed,0,5.91,0,108,CR_MP_034,4,4,1.97,108,2.09,13.77,1484.99,5.94,0.36,955.64,12.27,454.00
3600.00,7200.00,ed_bus_speed,0,9.69,0,107,CR_MP_035,31,31,3.23,101,3.83,114.00,11931.21,3.10,0.19,8479.03,112.40,2791.00
3600.00,7200.00,ed_bus_speed,0,12.56,0,101,CR_MP_036,2,2,4.19,100,4.05,12.07,1209.84,3.21,0.19,976.85,9.90,438.00
3600.00,7200.00,ed_bus_speed,0,11.02,0,99,CR_MP_037,18,18,3.67,95,4.31,126.67,12233.15,2.53,0.15,8753.74,124.16,1733.00
3600.00,7200.00,ed_bus_speed,0,10.27,0,95,CR_MP_038,8,8,3.42,91,3.98,121.91,11417.91,2.63,0.16,9615.77,118.47,1687.00
3600.00,7200.00,ed_bus_speed,0,11.36,0,91,CR_MP_039,1,1,3.79,90,4.17,50.56,4569.20,2.45,0.15,3898.71,47.22,846.00
3600.00,7200.00,ed_bus_speed,0,10.69,0,90,CR_MP_040,9,9,3.56,89,4.02,47.11,4215.45,2.58,0.15,2639.27,44.95,528.87
3600.00,7200.00,ed_bus_speed,0,7.37,0,89,CR_MP_041,9,9,2.46,89,2.56,17.00,1510.66,4.06,0.24,1143.14,14.45,425.00
3600.00,7200.00,ed_bus_speed,0,5.70,0,89,CR_MP_042,86,86,1.42,89,1.42,13.35,1188.40,5.24,0.31,815.10,10.71,350.00
3600.00,7200.00,ed_bus_speed,0,0.24,0,4,CR_MP_043,0,0,0.06,4,0.05,5.31,21.23,6.89,0.41,10.06,3.66,0.00
3600.00,7200.00,ed_bus_speed,0,13.21,0,113,CR_MP_KATU_BUS_JUMP,0,0,13.21,111,15.28,36.42,4085.86,2.69,0.16,1323.26,35.22,347.00
3600.00,7200.00,ed_bus_speed,0,12.15,0,85,CR_MP_RATH_BUS_JUMP,0,0,12.15,88,14.04,34.83,3022.05,2.33,0.14,958.17,33.71,223.00
3600.00,7200.00,ed_bus_speed,0,1.48,0,68,WK_MP_001,0,0,0.37,67,0.37,4.63,310.91,15.20,0.91,27.47,3.85,0.00
3600.00,7200.00,ed_bus_speed,0,1.97,0,67,WK_MP_002,0,0,0.49,67,0.38,2.29,153.63,14.66,0.88,18.50,1.45,0.00
3600.00,7200.00,ed_bus_speed,0,1.98,0,67,WK_MP_003,2,2,0.49,67,0.47,4.02,269.15,12.38,0.74,69.29,3.12,21.00
3600.00,7200.00,ed_bus_speed,0,4.25,0,67,WK_MP_004,0,0,1.06,67,0.44,1.40,93.47,12.90,0.77,21.13,0.53,2.00
3600.00,7200.00,ed_bus_speed,0,10.99,0,67,WK_MP_005,9,9,2.75,67,3.10,22.42,1498.47,2.22,0.13,389.56,20.19,74.00
3600.00,7200.00,ed_bus_speed,0,1.72,0,67,WK_MP_006,2,2,0.43,67,0.41,4.48,300.33,13.51,0.81,56.97,3.71,0.00
3600.00,7200.00,ed_bus_speed,0,1.58,0,67,WK_MP_007,2,2,0.39,67,0.36,3.19,213.55,15.56,0.93,14.20,2.42,0.00
3600.00,7200.00,ed_bus_speed,0,1.65,0,67,WK_MP_008,0,0,0.41,67,0.36,2.81,188.27,15.57,0.93,12.47,2.04,0.00
3600.00,7200.00,ed_bus_speed,0,3.36,0,67,WK_MP_009,9,9,0.84,68,0.96,20.00,1343.66,6.16,0.37,240.55,18.89,8.00
3600.00,7200.00,ed_bus_speed,0,1.89,0,68,WK_MP_010,3,3,0.47,68,0.41,3.29,223.45,13.61,0.82,40.98,2.49,0.00
3600.00,7200.00,ed_bus_speed,0,2.18,0,68,WK_MP_011,2,2,0.54,68,0.37,1.83,124.74,15.22,0.91,10.85,1.04,0.00
3600.00,7200.00,ed_bus_speed,0,2.49,0,68,WK_MP_012,0,0,0.62,68,0.37,1.57,106.94,15.20,0.91,9.40,0.78,0.00
3600.00,7200.00,ed_bus_speed,0,2.05,0,68,WK_MP_013,5,5,0.51,68,0.38,2.03,137.24,15.07,0.90,13.19,1.23,0.00
3600.00,7200.00,ed_bus_speed,0,2.56,0,67,WK_MP_014,6,6,0.64,67,0.69,9.88,661.65,8.48,0.51,325.20,8.48,143.00
3600.00,7200.00,ed_bus_speed,0,8.75,0,67,WK_MP_015,2,2,2.19,67,1.52,4.83,319.13,4.58,0.28,231.37,3.46,127.00
3600.00,7200.00,ed_bus_speed,0,2.08,0,67,WK_MP_016,4,4,0.52,67,0.45,3.42,229.07,12.46,0.75,57.83,2.52,0.00
3600.00,7200.00,ed_bus_speed,0,2.05,0,67,WK_MP_017,1,1,0.51,67,0.40,2.50,167.31,13.88,0.83,28.00,1.64,0.00
3600.00,7200.00,ed_bus_speed,0,2.26,0,67,WK_MP_018,2,2,0.56,67,0.44,2.53,169.38,12.99,0.78,37.39,1.61,0.00
3600.00,7200.00,ed_bus_speed,0,1.69,0,67,WK_MP_019,0,0,0.42,67,0.39,3.79,253.75,14.15,0.85,38.36,2.94,0.00
3600.00,7200.00,ed_bus_speed,0,2.71,0,67,WK_MP_020,0,0,0.68,67,0.40,1.68,112.89,14.00,0.84,18.08,0.83,0.00
3600.00,7200.00,ed_bus_speed,0,2.91,0,67,WK_MP_021,0,0,0.73,67,0.77,10.38,695.78,7.56,0.45,380.23,8.75,143.00
3600.00,7200.00,ed_bus_speed,0,14.06,0,67,WK_MP_022,0,0,3.51,66,3.97,31.59,2095.83,1.69,0.10,652.30,29.84,104.00
3600.00,7200.00,ed_bus_speed,0,2.51,0,66,WK_MP_023,0,0,0.63,66,0.45,2.49,164.59,12.12,0.73,44.90,1.60,0.00
3600.00,7200.00,ed_bus_speed,0,3.56,0,66,WK_MP_024,0,0,0.89,66,0.37,1.23,81.24,14.90,0.89,8.63,0.43,0.00
3600.00,7200.00,ed_bus_speed,0,1.75,0,66,WK_MP_025,0,0,0.44,67,0.36,2.42,160.90,15.51,0.93,11.22,1.64,0.00
3600.00,7200.00,ed_bus_speed,0,1.89,0,67,WK_MP_026,0,0,0.47,67,0.36,2.19,146.72,15.33,0.92,11.84,1.40,0.00
3600.00,7200.00,ed_bus_speed,0,2.88,0,67,WK_MP_027,0,0,0.72,67,0.37,1.40,93.49,15.06,0.90,9.00,0.60,0.00
3600.00,7200.00,ed_bus_speed,0,2.96,0,67,WK_MP_028,0,0,0.74,68,0.38,1.42,96.26,14.80,0.89,10.83,0.61,0.00
3600.00,7200.00,ed_bus_speed,0,4.67,0,68,WK_MP_029,0,0,1.17,68,0.38,1.12,76.33,14.73,0.88,8.86,0.31,0.00
3600.00,7200.00,ed_bus_speed,0,3.55,0,68,WK_MP_030,0,0,0.89,68,0.40,1.33,90.38,14.36,0.86,12.55,0.49,0.00
3600.00,7200.00,ed_bus_speed,0,4.19,0,68,WK_MP_031,0,0,1.05,68,0.39,1.18,80.49,14.65,0.88,9.75,0.36,0.00
3600.00,7200.00,ed_bus_speed,0,1.90,0,68,WK_MP_032,0,0,0.47,68,0.39,2.65,180.37,14.48,0.87,23.73,1.82,0.00
3600.00,7200.00,ed_bus_speed,0,2.47,0,68,WK_MP_033,0,0,0.62,68,0.40,1.86,126.65,14.10,0.85,19.53,1.01,0.00
3600.00,7200.00,ed_bus_speed,0,6.72,0,68,WK_MP_034,2,2,1.68,70,1.96,35.73,2448.37,3.17,0.19,737.07,34.50,81.00
3600.00,7200.00,ed_bus_speed,0,4.21,0,70,WK_MP_035,0,0,1.05,70,0.50,1.70,119.19,11.66,0.70,35.79,0.72,0.00
3600.00,7200.00,ed_bus_speed,0,1.57,0,70,WK_MP_036,1,1,0.39,70,0.39,4.82,337.35,14.85,0.89,36.90,4.03,0.00
3600.00,7200.00,ed_bus_speed,0,2.01,0,70,WK_MP_037,1,1,0.50,70,0.48,4.41,308.65,12.39,0.74,79.16,3.43,14.00
3600.00,7200.00,ed_bus_speed,0,3.69,0,70,WK_MP_038,0,0,0.92,70,0.88,5.06,354.35,7.65,0.46,191.80,3.90,85.00
3600.00,7200.00,ed_bus_speed,0,3.06,0,70,WK_MP_039,0,0,0.76,70,0.41,1.52,106.63,14.24,0.85,15.55,0.69,0.00
3600.00,7200.00,ed_bus_speed,0,1.88,0,70,WK_MP_040,0,0,0.47,70,0.42,3.43,240.23,13.87,0.83,40.40,2.53,0.00
3600.00,7200.00,ed_bus_speed,0,3.37,0,70,WK_MP_041,0,0,0.84,70,0.58,2.94,205.78,9.85,0.59,84.13,1.41,22.00
3600.00,7200.00,ed_bus_speed,0,10.29,0,70,WK_MP_042,0,0,2.57,70,2.76,17.95,1256.91,2.56,0.15,1063.96,15.80,616.00
3600.00,7200.00,ed_bus_speed,0,39.48,0,71,WK_MP_043,0,0,9.87,71,10.91,29.60,2046.56,0.89,0.05,512.20,25.86,26.00
3600.00,7200.00,ed_bus_speed,0,5.46,0,71,WK_MP_044,0,0,1.36,71,0.70,2.55,181.31,8.31,0.50,90.89,1.28,0.00
3600.00,7200.00,ed_bus_speed,0,1.56,0,71,WK_MP_045,4,4,0.39,71,0.41,7.15,507.27,14.29,0.86,72.40,6.34,0.00
3600.00,7200.00,ed_bus_speed,0,1.60,0,71,WK_MP_046,4,4,0.40,71,0.39,4.45,315.32,15.02,0.90,26.73,3.59,0.00
3600.00,7200.00,ed_bus_speed,0,1.43,0,68,WK_MP_047,0,0,0.36,69,0.39,11.87,810.94,14.32,0.86,114.12,10.62,0.00
3600.00,7200.00,ed_bus_speed,0,15.28,0,69,WK_MP_048,1,1,3.82,69,4.33,32.51,2242.25,1.62,0.10,623.17,31.01,72.00
3600.00,7200.00,ed_bus_speed,0,2.32,0,69,WK_MP_049,0,0,0.58,69,0.47,3.06,210.80,12.20,0.73,56.58,2.20,0.00
3600.00,7200.00,ed_bus_speed,0,2.55,0,69,WK_MP_050,0,0,0.64,69,0.38,1.55,107.21,15.25,0.91,9.11,0.78,0.00
3600.00,7200.00,ed_bus_speed,0,1.93,0,69,WK_MP_051,0,0,0.48,69,0.38,2.23,153.81,15.34,0.92,12.30,1.45,0.00
3600.00,7200.00,ed_bus_speed,0,2.99,0,69,WK_MP_052,0,0,0.75,68,0.74,5.16,354.25,8.70,0.52,169.32,4.06,93.00
3600.00,7200.00,ed_bus_speed,0,3.80,0,68,WK_MP_053,0,0,0.95,68,0.59,2.12,144.25,10.63,0.64,52.30,1.13,10.00
3600.00,7200.00,ed_bus_speed,0,4.91,0,68,WK_MP_054,0,0,1.23,68,1.07,3.87,262.93,6.95,0.42,153.24,2.71,90.00
3600.00,7200.00,ed_bus_speed,0,17.84,0,68,WK_MP_055,0,0,4.46,68,2.10,5.80,394.42,3.13,0.19,320.42,4.26,204.00
3600.00,7200.00,ed_bus_speed,0,24.90,0,68,WK_MP_056,0,0,6.23,69,6.85,27.99,1914.16,1.19,0.07,524.46,25.40,61.00
3600.00,7200.00,ed_bus_speed,0,7.08,0,69,WK_MP_057,0,0,1.77,69,0.64,1.95,134.41,8.87,0.53,62.92,0.67,0.00
3600.00,7200.00,ed_bus_speed,0,3.76,0,69,WK_MP_058,0,0,0.94,69,0.50,1.87,128.94,11.52,0.69,39.86,0.89,0.00
3600.00,7200.00,ed_bus_speed,0,2.23,0,69,WK_MP_059,0,0,0.56,69,0.39,2.04,140.77,14.49,0.87,18.41,1.24,0.00
3600.00,7200.00,ed_bus_speed,0,1.53,0,69,WK_MP_060,0,0,0.38,69,0.38,4.32,298.33,15.29,0.92,24.77,3.53,0.00
3600.00,7200.00,ed_bus_speed,0,2.35,0,69,WK_MP_061,0,0,0.59,69,0.38,1.72,118.76,15.11,0.91,11.10,0.93,0.00
3600.00,7200.00,ed_bus_speed,0,5.16,0,69,WK_MP_062,0,0,1.29,69,1.31,11.70,808.20,4.75,0.28,578.06,9.27,301.00
3600.00,7200.00,ed_bus_speed,0,39.20,0,70,WK_MP_063,0,0,9.80,70,10.89,29.05,2018.21,0.91,0.05,462.70,26.35,25.00
3600.00,7200.00,ed_bus_speed,0,3.70,0,71,WK_MP_064,0,0,0.93,71,0.60,2.75,195.14,9.70,0.58,81.64,1.67,0.00
3600.00,7200.00,ed_bus_speed,0,4.24,0,71,WK_MP_065,0,0,1.06,71,0.44,1.37,97.35,13.40,0.80,19.10,0.50,0.00
3600.00,7200.00,ed_bus_speed,0,1.76,0,71,WK_MP_066,0,0,0.44,71,0.38,2.91,206.45,15.36,0.92,16.24,2.14,0.00
3600.00,7200.00,ed_bus_speed,0,1.78,0,71,WK_MP_067,0,0,0.45,71,0.38,2.68,190.19,15.55,0.93,12.76,1.91,0.00
3600.00,7200.00,ed_bus_speed,0,2.70,0,71,WK_MP_068,0,0,0.68,71,0.38,1.47,104.60,15.44,0.93,7.70,0.70,0.00
3600.00,7200.00,ed_bus_speed,0,4.39,0,71,WK_MP_069,0,0,1.10,71,0.38,1.10,78.09,15.40,0.92,5.94,0.32,0.00
3600.00,7200.00,ed_bus_speed,0,1.45,0,71,WK_MP_070,3,3,0.36,71,0.39,7.83,556.15,15.13,0.91,51.40,7.02,0.00
3600.00,7200.00,ed_bus_speed,0,3.97,0,71,WK_MP_071,0,0,0.99,71,0.40,1.22,86.28,14.84,0.89,9.48,0.41,0.00
3600.00,7200.00,ed_bus_speed,0,2.13,0,71,WK_MP_072,0,0,0.53,71,0.40,2.17,153.72,14.82,0.89,17.04,1.35,0.00
3600.00,7200.00,ed_bus_speed,0,1.97,0,71,WK_MP_073,0,0,0.49,71,0.41,2.67,189.55,14.51,0.87,24.59,1.84,0.00
3600.00,7200.00,ed_bus_speed,0,2.39,0,71,WK_MP_074,0,0,0.60,71,0.59,4.97,352.67,10.65,0.64,127.32,3.97,45.00
3600.00,7200.00,ed_bus_speed,0,6.16,0,71,WK_MP_075,0,0,1.54,71,1.52,6.86,487.09,4.95,0.30,342.36,5.42,173.00
3600.00,7200.00,ed_bus_speed,0,15.39,0,71,WK_MP_076,0,0,3.85,71,1.37,3.70,262.55,4.53,0.27,191.26,2.30,91.00
3600.00,7200.00,ed_bus_speed,0,19.40,0,71,WK_MP_077,2,2,4.85,71,5.42,29.09,2044.73,1.42,0.09,523.78,26.56,55.00
3600.00,7200.00,ed_bus_speed,0,1.82,0,71,WK_MP_078,17,17,0.46,71,0.48,8.86,628.27,12.17,0.73,169.67,8.00,3.00
3600.00,7200.00,ed_bus_speed,0,10.15,0,84,gneE40,6,6,5.08,81,5.81,56.38,4651.18,2.47,0.15,2248.19,54.79,631.00
3600.00,7200.00,ed_bus_speed,0,0.38,3,0,gneE5,3,3,0.19,3,0.23,213.81,624.71,2.17,0.16,525.96,212.16,351.00
7200.00,10800.00,ed_bus_speed,0,1.60,0,72,102651364#23.9,0,0,0.53,73,0.55,6.60,476.80,14.38,0.86,65.56,5.83,0.00
7200.00,10800.00,ed_bus_speed,0,12.44,76,0,112446385#5,1,1,6.22,80,7.45,345.99,25883.68,1.71,0.10,23235.82,345.06,16578.00
7200.00,10800.00,ed_bus_speed,2,0.08,0,2,15242148#0,0,0,0.08,0,0.09,26.94,51.61,7.36,0.88,6.04,25.31,0.00
7200.00,10800.00,ed_bus_speed,1,0.03,0,1,155990909#1,1,1,0.01,0,0.02,25.50,24.54,10.27,0.92,1.85,24.34,0.00
7200.00,10800.00,ed_bus_speed,0,4.59,0,70,161480084#0,7,7,2.30,70,2.24,10.05,701.85,5.42,0.33,473.72,8.01,137.00
7200.00,10800.00,ed_bus_speed,0,4.31,0,70,161480084#1,6,6,2.16,70,2.18,10.57,739.59,5.64,0.34,489.19,9.12,141.00
7200.00,10800.00,ed_bus_speed,0,11.07,0,69,161480084#10,3,3,5.53,69,5.96,25.65,1769.70,2.20,0.13,1536.21,23.27,738.00
7200.00,10800.00,ed_bus_speed,0,14.43,0,69,161480084#11,2,2,7.22,69,4.04,6.46,441.68,3.18,0.19,357.54,3.53,104.00
7200.00,10800.00,ed_bus_speed,0,10.39,0,69,161480084#12,2,2,5.20,69,5.73,37.13,2534.79,2.15,0.13,2208.21,33.94,856.00
7200.00,10800.00,ed_bus_speed,0,12.43,0,68,161480084#14,1,1,6.21,69,6.90,44.00,3015.74,1.80,0.11,2689.21,41.45,1264.00
7200.00,10800.00,ed_bus_speed,0,12.06,0,69,161480084#15,0,0,6.03,69,6.41,32.17,2225.57,1.97,0.12,1962.94,29.26,919.00
7200.00,10800.00,ed_bus_speed,0,11.13,0,70,161480084#16,0,0,5.57,69,6.37,63.22,4391.42,1.92,0.12,3884.91,60.64,1725.00
7200.00,10800.00,ed_bus_speed,0,14.58,0,69,161480084#17,1,1,7.29,68,8.37,49.55,3397.19,1.55,0.09,1846.80,47.54,799.00
7200.00,10800.00,ed_bus_speed,0,8.41,0,68,161480084#18,1,1,2.80,68,2.80,20.20,1373.81,2.84,0.17,1139.78,14.91,707.00
7200.00,10800.00,ed_bus_speed,0,9.92,0,70,161480084#2,17,17,3.31,70,3.65,19.37,1329.75,2.54,0.15,541.06,17.38,206.00
7200.00,10800.00,ed_bus_speed,0,10.22,0,68,161480084#20,1,1,3.41,67,3.60,28.66,1939.51,2.26,0.14,1676.27,27.36,1319.00
7200.00,10800.00,ed_bus_speed,0,5.17,0,66,161480084#22,3,3,2.58,67,2.99,33.49,2215.40,3.91,0.23,773.35,32.16,88.00
7200.00,10800.00,ed_bus_speed,0,1.48,0,67,161480084#23,0,0,0.74,67,0.79,9.41,630.33,13.87,0.83,105.94,8.53,1.00
7200.00,10800.00,ed_bus_speed,0,4.72,0,67,161480084#24,4,4,2.36,66,2.73,31.35,2092.01,4.31,0.26,674.52,30.06,93.00
7200.00,10800.00,ed_bus_speed,0,2.15,0,66,161480084#26,2,2,1.08,66,0.86,2.85,185.76,12.62,0.76,45.08,1.98,0.00
7200.00,10800.00,ed_bus_speed,0,8.03,0,69,161480084#3,18,18,2.68,70,3.00,23.10,1609.26,2.93,0.18,1326.47,21.92,920.00
7200.00,10800.00,ed_bus_speed,0,3.68,0,70,161480084#4,3,3,1.84,70,2.06,19.09,1336.57,5.92,0.36,862.03,17.45,376.00
7200.00,10800.00,ed_bus_speed,0,8.30,0,70,161480084#5,3,3,4.15,71,4.59,27.02,1892.22,2.79,0.17,1575.83,24.86,697.00
7200.00,10800.00,ed_bus_speed,0,9.31,0,70,161480084#6,0,0,4.65,70,4.43,13.74,961.94,2.96,0.18,790.99,10.70,270.00
7200.00,10800.00,ed_bus_speed,0,13.15,0,70,161480084#7,5,5,6.58,71,7.48,57.89,4070.00,1.69,0.10,3049.87,55.66,1370.00
7200.00,10800.00,ed_bus_speed,0,12.53,0,71,161480084#8,10,10,6.26,70,6.71,22.80,1605.36,2.09,0.13,1404.33,20.11,753.00
7200.00,10800.00,ed_bus_speed,0,12.17,0,70,161480084#9,2,2,6.09,69,6.50,28.34,1968.73,2.01,0.12,1731.51,25.45,803.00
7200.00,10800.00,ed_bus_speed,0,0.29,0,6,185733519#1,0,0,0.10,6,0.07,3.09,18.52,9.68,0.70,5.62,1.98,0.00
7200.00,10800.00,ed_bus_speed,2,0.30,0,2,18598988,0,0,0.15,0,0.16,47.99,84.33,1.90,0.69,26.37,41.78,0.00
7200.00,10800.00,ed_bus_speed,0,1.56,0,71,194092438#4,1,1,0.78,72,0.79,5.34,383.20,15.06,0.90,37.00,4.55,0.00
7200.00,10800.00,ed_bus_speed,0,1.79,0,72,194092438#5,6,6,0.90,72,0.89,4.68,337.14,13.71,0.82,59.79,3.83,8.00
7200.00,10800.00,ed_bus_speed,0,1.49,0,72,194092438#6,4,4,0.74,72,0.79,7.22,519.92,15.12,0.91,48.32,6.43,0.00
7200.00,10800.00,ed_bus_speed,0,1.54,0,72,194092438#7,1,1,0.77,72,0.80,6.11,440.08,14.98,0.90,44.58,5.29,0.00
7200.00,10800.00,ed_bus_speed,6,0.14,0,6,194099559#0,0,0,0.03,0,0.04,17.02,99.98,12.63,0.91,9.04,16.09,0.00
7200.00,10800.00,ed_bus_speed,4,0.09,0,4,19811337#1,1,1,0.05,0,0.05,26.50,102.89,11.98,0.86,14.12,25.51,0.00
7200.00,10800.00,ed_bus_speed,0,0.28,0,6,23169388,0,0,0.09,6,0.05,1.79,10.74,12.69,0.91,0.93,0.85,0.00
7200.00,10800.00,ed_bus_speed,4,0.59,0,4,23323086,0,0,0.59,0,0.69,143.59,552.00,1.89,0.68,175.57,137.37,0.00
7200.00,10800.00,ed_bus_speed,0,1.07,0,6,259798301#1,0,0,0.54,6,0.49,22.93,131.67,2.01,0.12,115.80,12.10,38.00
7200.00,10800.00,ed_bus_speed,0,1.82,0,52,289027979,0,0,0.61,52,0.39,1.81,94.12,14.59,0.87,11.77,1.00,0.00
7200.00,10800.00,ed_bus_speed,0,1.04,0,19,351910071,0,0,0.52,19,0.42,4.88,92.74,7.53,0.45,50.83,3.57,0.00
7200.00,10800.00,ed_bus_speed,0,0.67,0,6,356578615#0,15,15,0.13,6,0.13,51.63,307.31,2.68,0.16,257.35,49.13,98.00
7200.00,10800.00,ed_bus_speed,0,0.58,3,0,376601738#2,0,0,0.58,3,0.69,97.23,266.24,1.43,0.51,138.47,94.77,72.00
7200.00,10800.00,ed_bus_speed,51,1.03,0,51,455043449,0,0,0.52,0,0.57,7.67,373.09,14.66,0.88,44.98,6.88,0.00
7200.00,10800.00,ed_bus_speed,0,1.04,0,51,455043472,0,0,0.52,51,0.57,9.52,485.52,14.87,0.89,52.37,8.70,0.00
7200.00,10800.00,ed_bus_speed,0,1.31,0,51,455043517,0,0,0.66,51,0.56,2.67,136.18,15.27,0.92,11.42,1.88,0.00
7200.00,10800.00,ed_bus_speed,0,1.03,0,52,455043526,1,1,0.34,51,0.37,7.64,389.96,15.31,0.92,31.76,6.85,0.00
7200.00,10800.00,ed_bus_speed,0,2.53,0,72,48701240#1,0,0,1.26,73,0.92,2.06,149.30,13.83,0.83,25.47,1.22,8.00
7200.00,10800.00,ed_bus_speed,0,6.17,0,76,48701240#11,11,11,3.08,76,3.57,59.31,4504.69,3.62,0.22,3525.69,56.77,1101.00
7200.00,10800.00,ed_bus_speed,0,11.10,0,76,48701240#15,0,0,5.55,76,5.86,26.12,1985.20,2.36,0.14,1703.95,23.02,682.00
7200.00,10800.00,ed_bus_speed,0,14.32,0,76,48701240#16,0,0,7.16,76,7.87,72.46,5503.20,1.64,0.10,4962.24,63.07,1105.00
7200.00,10800.00,ed_bus_speed,0,18.96,0,74,48701240#17.68,0,0,9.48,72,10.48,158.68,11601.12,1.15,0.07,10803.24,145.05,4365.00
7200.00,10800.00,ed_bus_speed,0,4.03,0,73,48701240#4,9,9,2.01,75,2.32,23.41,1730.85,5.61,0.34,397.04,22.63,31.00
7200.00,10800.00,ed_bus_speed,0,1.52,0,75,48701240#6,5,5,0.76,75,0.84,9.77,731.72,14.88,0.89,78.71,8.93,0.00
7200.00,10800.00,ed_bus_speed,0,5.28,0,75,48701240#9,21,21,2.64,76,3.05,26.50,1999.72,4.42,0.27,679.18,25.39,192.00
7200.00,10800.00,ed_bus_speed,0,39.39,0,71,50071260#3,0,0,19.70,71,8.63,11.24,798.37,1.57,0.09,723.28,8.96,491.00
7200.00,10800.00,ed_bus_speed,0,24.37,0,72,50071260#4,0,0,12.18,71,10.23,14.29,1021.18,1.65,0.10,919.86,10.92,540.00
7200.00,10800.00,ed_bus_speed,0,13.24,0,73,50071266#1,0,0,6.62,72,7.10,53.36,3850.25,1.74,0.10,3448.67,48.50,714.00
7200.00,10800.00,ed_bus_speed,0,10.35,0,71,50071266#10,0,0,5.18,71,4.90,19.30,1369.34,2.53,0.15,1161.85,15.32,216.00
7200.00,10800.00,ed_bus_speed,0,8.53,0,70,50071266#11,2,2,4.27,72,5.01,124.83,8984.35,2.44,0.15,6283.45,123.25,793.00
7200.00,10800.00,ed_bus_speed,0,4.54,0,72,50071266#18,0,0,2.27,72,2.42,14.12,1016.46,5.25,0.32,696.06,12.50,146.00
7200.00,10800.00,ed_bus_speed,0,3.81,0,72,50071266#20,3,3,1.90,72,1.69,6.59,474.33,7.07,0.42,273.06,5.11,76.00
7200.00,10800.00,ed_bus_speed,0,5.01,0,72,50071266#21,3,3,2.50,73,1.98,7.38,536.98,5.66,0.34,352.01,4.60,167.00
7200.00,10800.00,ed_bus_speed,0,4.33,0,70,50071266#22,11,11,2.17,70,2.21,12.66,885.25,5.43,0.33,596.87,11.05,217.00
7200.00,10800.00,ed_bus_speed,0,5.14,0,70,50071266#24,13,13,2.57,70,2.78,16.65,1163.74,4.50,0.27,849.87,14.87,345.00
7200.00,10800.00,ed_bus_speed,0,12.08,0,72,50071266#3,0,0,6.04,73,6.93,119.88,8726.57,1.77,0.11,7797.84,114.85,1261.00
7200.00,10800.00,ed_bus_speed,0,11.80,0,72,50071266#7,1,1,5.90,71,6.79,105.02,7506.74,1.80,0.11,6032.46,102.01,1025.00
7200.00,10800.00,ed_bus_speed,0,1.39,18,0,51086283#3,0,0,0.70,19,0.79,182.79,3250.16,3.61,0.22,2546.52,163.67,1900.00
7200.00,10800.00,ed_bus_speed,0,0.66,0,6,668326453#5,1,1,0.22,6,0.06,1.36,8.16,11.36,0.82,1.49,0.32,0.00
7200.00,10800.00,ed_bus_speed,0,1.43,0,73,758636097#0,3,3,0.71,73,0.81,16.29,1189.07,14.94,0.90,123.24,15.41,0.00
7200.00,10800.00,ed_bus_speed,0,1.71,0,71,758636097#10,4,4,0.85,72,0.84,5.10,364.07,13.97,0.84,58.96,4.32,0.00
7200.00,10800.00,ed_bus_speed,0,1.53,0,72,758636097#11,5,5,0.77,72,0.83,8.77,631.12,14.41,0.86,85.62,7.84,10.00
7200.00,10800.00,ed_bus_speed,0,6.61,0,72,758636097#12,10,10,3.31,74,3.81,27.92,2038.00,3.50,0.21,582.78,26.61,64.00
7200.00,10800.00,ed_bus_speed,0,2.12,0,75,758636097#14,2,2,1.06,75,0.98,3.77,282.90,13.01,0.78,62.12,2.93,6.00
7200.00,10800.00,ed_bus_speed,0,1.46,0,75,758636097#15,0,0,0.73,75,0.83,14.22,1066.76,15.12,0.91,98.96,13.41,0.00
7200.00,10800.00,ed_bus_speed,0,2.17,0,75,758636097#22,0,0,1.08,75,0.86,2.43,181.92,14.56,0.87,23.06,1.61,0.00
7200.00,10800.00,ed_bus_speed,0,1.52,0,75,758636097#23,6,6,0.76,75,0.86,13.59,1019.21,14.57,0.87,126.45,12.71,0.00
7200.00,10800.00,ed_bus_speed,0,2.81,0,73,758636097#25,20,20,1.40,71,1.67,86.30,6153.94,7.20,0.43,1411.75,85.31,206.00
7200.00,10800.00,ed_bus_speed,0,3.32,0,72,758636097#3,40,40,1.66,71,1.96,63.75,4538.74,6.14,0.37,1040.09,62.42,102.00
7200.00,10800.00,ed_bus_speed,0,5.90,0,99,CR_MP_001,98,98,1.97,98,2.32,45.98,4534.29,4.90,0.29,1384.64,45.19,357.00
7200.00,10800.00,ed_bus_speed,0,4.63,0,98,CR_MP_002,0,0,1.54,98,0.71,1.27,124.89,15.29,0.92,10.31,0.49,0.00
7200.00,10800.00,ed_bus_speed,0,3.41,0,98,CR_MP_003,0,0,1.14,98,0.75,1.77,172.98,14.78,0.89,19.66,0.95,0.00
7200.00,10800.00,ed_bus_speed,0,2.51,0,98,CR_MP_004,1,1,0.84,98,0.78,3.62,354.79,14.14,0.85,53.77,2.76,3.00
7200.00,10800.00,ed_bus_speed,0,4.60,0,98,CR_MP_005,35,35,1.53,97,1.79,29.73,2889.23,6.28,0.38,744.40,28.88,126.00
7200.00,10800.00,ed_bus_speed,0,3.15,0,98,CR_MP_006,6,6,1.05,98,0.79,2.26,221.54,13.94,0.84,36.29,1.41,0.00
7200.00,10800.00,ed_bus_speed,0,2.08,0,98,CR_MP_007,3,3,0.69,98,0.76,9.24,905.33,14.38,0.86,124.21,8.33,0.00
7200.00,10800.00,ed_bus_speed,0,3.49,0,98,CR_MP_008,0,0,1.16,97,1.19,6.11,594.82,9.70,0.58,248.63,5.11,116.00
7200.00,10800.00,ed_bus_speed,0,13.24,0,96,CR_MP_009,22,22,4.41,96,5.09,30.18,2893.11,2.41,0.14,808.28,28.77,115.00
7200.00,10800.00,ed_bus_speed,0,2.83,0,96,CR_MP_010,11,11,0.94,96,0.94,5.93,568.86,11.45,0.69,178.18,5.07,10.00
7200.00,10800.00,ed_bus_speed,0,2.51,0,96,CR_MP_011,2,2,0.84,96,0.72,2.92,280.45,14.75,0.88,32.30,2.11,0.00
7200.00,10800.00,ed_bus_speed,0,3.01,0,97,CR_MP_012,38,38,1.00,96,1.18,48.82,4694.04,9.11,0.55,888.57,47.90,68.00
7200.00,10800.00,ed_bus_speed,0,2.15,0,96,CR_MP_013,3,3,0.72,95,0.78,9.93,946.50,13.54,0.81,177.89,9.03,19.00
7200.00,10800.00,ed_bus_speed,0,7.92,0,95,CR_MP_014,11,11,2.64,94,3.08,35.76,3382.07,3.65,0.22,1011.45,34.67,121.00
7200.00,10800.00,ed_bus_speed,0,2.88,0,94,CR_MP_015,4,4,0.96,94,0.86,3.80,355.96,12.18,0.73,95.88,2.88,1.00
7200.00,10800.00,ed_bus_speed,0,3.06,0,94,CR_MP_016,4,4,1.02,93,0.90,3.67,342.58,11.75,0.70,101.14,2.77,18.00
7200.00,10800.00,ed_bus_speed,0,5.27,0,93,CR_MP_017,2,2,1.76,91,2.02,31.12,2842.11,5.20,0.31,1955.79,29.85,997.00
7200.00,10800.00,ed_bus_speed,0,5.49,0,91,CR_MP_018,0,0,1.83,91,1.62,8.07,734.57,6.09,0.37,466.27,5.31,168.00
7200.00,10800.00,ed_bus_speed,0,0.15,0,3,CR_MP_020,3,3,0.05,3,0.04,4.71,14.14,8.08,0.48,7.29,3.27,0.00
7200.00,10800.00,ed_bus_speed,0,1.93,0,96,CR_MP_021,4,4,0.64,96,0.70,9.69,930.54,15.09,0.90,88.48,8.91,0.00
7200.00,10800.00,ed_bus_speed,0,12.58,0,96,CR_MP_022,27,27,4.19,93,4.95,57.44,5466.20,2.31,0.14,3514.85,56.03,2512.00
7200.00,10800.00,ed_bus_speed,0,12.80,0,96,CR_MP_023,11,11,4.27,89,5.01,57.03,5291.89,2.22,0.13,4585.79,55.65,3686.00
7200.00,10800.00,ed_bus_speed,0,25.57,0,89,CR_MP_024,15,15,8.52,81,10.15,212.99,17863.87,0.97,0.06,15378.16,210.75,11859.00
7200.00,10800.00,ed_bus_speed,0,31.65,0,81,CR_MP_025,16,16,10.55,75,12.53,214.52,16655.93,0.74,0.04,15919.14,211.35,13283.00
7200.00,10800.00,ed_bus_speed,0,27.56,0,75,CR_MP_026,16,16,9.19,68,10.87,244.66,17147.41,0.76,0.05,15277.30,241.22,10705.00
7200.00,10800.00,ed_bus_speed,0,31.33,0,68,CR_MP_027,10,10,10.44,65,12.33,254.73,16888.42,0.63,0.04,16245.20,250.84,10935.00
7200.00,10800.00,ed_bus_speed,0,33.71,0,65,CR_MP_028,0,0,11.24,66,12.91,103.45,6744.26,0.65,0.04,6480.01,100.63,4620.00
7200.00,10800.00,ed_bus_speed,0,35.72,0,66,CR_MP_029,0,0,11.91,67,11.86,47.25,3150.92,0.77,0.05,3004.89,40.87,2125.00
7200.00,10800.00,ed_bus_speed,0,45.22,0,68,CR_MP_030,0,0,15.07,69,14.13,65.90,4519.49,0.60,0.04,3267.01,53.78,2105.00
7200.00,10800.00,ed_bus_speed,0,118.28,0,69,CR_MP_031,0,0,39.43,71,9.00,19.33,1366.90,0.79,0.05,1302.37,16.22,986.00
7200.00,10800.00,ed_bus_speed,0,22.81,0,71,CR_MP_032,1,1,7.60,70,7.79,33.11,2322.20,1.22,0.07,2152.75,28.94,1165.00
7200.00,10800.00,ed_bus_speed,0,20.58,0,70,CR_MP_033,0,0,6.86,70,7.24,51.94,3630.22,1.17,0.07,3374.44,47.26,1495.00
7200.00,10800.00,ed_bus_speed,0,18.62,0,70,CR_MP_034,0,0,6.21,69,6.71,67.00,4679.07,1.22,0.07,4336.36,61.05,1496.00
7200.00,10800.00,ed_bus_speed,0,15.98,0,70,CR_MP_035,4,4,5.33,73,6.27,278.88,19674.68,1.27,0.08,17315.78,275.45,3789.00
7200.00,10800.00,ed_bus_speed,0,16.27,0,72,CR_MP_036,1,1,5.42,73,4.77,21.53,1566.97,1.80,0.11,1397.71,16.00,263.00
7200.00,10800.00,ed_bus_speed,0,14.64,0,74,CR_MP_037,1,1,4.88,77,5.70,215.62,16263.03,1.49,0.09,13586.11,212.18,1993.00
7200.00,10800.00,ed_bus_speed,0,11.01,0,77,CR_MP_038,2,2,3.67,77,4.27,161.03,12243.83,1.99,0.12,10780.77,156.98,1018.00
7200.00,10800.00,ed_bus_speed,0,9.74,0,77,CR_MP_039,3,3,3.25,77,3.62,50.75,3914.74,2.44,0.15,3342.33,47.57,518.00
7200.00,10800.00,ed_bus_speed,0,9.12,0,77,CR_MP_040,12,12,3.04,78,3.41,46.44,3593.68,2.62,0.16,2208.66,44.39,413.00
7200.00,10800.00,ed_bus_speed,0,5.25,0,78,CR_MP_041,8,8,1.75,78,1.65,13.80,1076.28,5.00,0.30,753.70,11.00,201.00
7200.00,10800.00,ed_bus_speed,0,5.43,0,78,CR_MP_042,75,75,1.36,78,1.36,14.52,1132.62,4.82,0.29,805.46,11.03,329.00
7200.00,10800.00,ed_bus_speed,0,0.25,0,4,CR_MP_043,1,1,0.06,4,0.05,5.46,21.82,6.70,0.40,10.25,3.82,0.00
7200.00,10800.00,ed_bus_speed,0,11.09,0,91,CR_MP_KATU_BUS_JUMP,0,0,11.09,93,12.83,37.35,3429.66,2.62,0.16,1033.53,36.27,219.00
7200.00,10800.00,ed_bus_speed,0,10.04,0,74,CR_MP_RATH_BUS_JUMP,0,0,10.04,72,11.64,34.18,2496.96,2.37,0.14,715.83,32.90,117.00
7200.00,10800.00,ed_bus_speed,0,1.47,0,66,WK_MP_001,0,0,0.37,67,0.37,4.64,309.71,15.17,0.91,27.85,3.85,0.00
7200.00,10800.00,ed_bus_speed,0,1.92,0,67,WK_MP_002,0,0,0.48,67,0.37,2.23,149.17,15.10,0.91,14.05,1.43,0.00
7200.00,10800.00,ed_bus_speed,0,1.67,0,66,WK_MP_003,0,0,0.42,66,0.38,3.45,227.69,14.44,0.87,30.45,2.61,0.00
7200.00,10800.00,ed_bus_speed,0,3.72,0,66,WK_MP_004,0,0,0.93,66,0.38,1.25,81.93,14.49,0.87,10.74,0.42,0.00
7200.00,10800.00,ed_bus_speed,0,10.78,0,65,WK_MP_005,9,9,2.69,64,3.04,22.83,1469.35,2.18,0.13,394.90,20.35,75.00
7200.00,10800.00,ed_bus_speed,0,1.65,0,64,WK_MP_006,1,1,0.41,64,0.39,4.51,288.18,13.42,0.80,56.26,3.73,0.00
7200.00,10800.00,ed_bus_speed,0,1.52,0,64,WK_MP_007,2,2,0.38,64,0.35,3.22,205.95,15.40,0.92,15.74,2.45,0.00
7200.00,10800.00,ed_bus_speed,0,1.60,0,64,WK_MP_008,1,1,0.40,64,0.35,2.86,183.06,15.29,0.92,15.13,2.08,0.00
7200.00,10800.00,ed_bus_speed,0,3.08,0,64,WK_MP_009,10,10,0.77,64,0.88,19.27,1233.20,6.39,0.38,232.64,18.19,20.00
7200.00,10800.00,ed_bus_speed,0,1.75,0,64,WK_MP_010,4,4,0.44,64,0.38,3.25,207.10,13.82,0.83,35.43,2.45,0.00
7200.00,10800.00,ed_bus_speed,0,2.01,0,64,WK_MP_011,0,0,0.50,64,0.34,1.81,115.08,15.43,0.93,8.54,1.04,0.00
7200.00,10800.00,ed_bus_speed,0,2.31,0,64,WK_MP_012,1,1,0.58,64,0.35,1.55,98.95,15.46,0.93,7.15,0.77,0.00
7200.00,10800.00,ed_bus_speed,0,1.90,0,64,WK_MP_013,3,3,0.48,64,0.35,1.99,127.52,15.40,0.92,9.74,1.21,0.00
7200.00,10800.00,ed_bus_speed,0,2.30,0,65,WK_MP_014,5,5,0.57,65,0.61,9.13,592.60,9.17,0.55,266.79,7.79,103.00
7200.00,10800.00,ed_bus_speed,0,11.23,0,65,WK_MP_015,1,1,2.81,65,1.83,6.39,409.64,3.46,0.21,324.54,4.88,202.00
7200.00,10800.00,ed_bus_speed,0,2.00,0,65,WK_MP_016,4,4,0.50,65,0.43,3.41,220.48,12.51,0.75,55.08,2.53,0.00
7200.00,10800.00,ed_bus_speed,0,1.89,0,65,WK_MP_017,2,2,0.47,65,0.37,2.39,154.33,14.55,0.87,19.66,1.57,0.00
7200.00,10800.00,ed_bus_speed,0,2.01,0,65,WK_MP_018,0,0,0.50,65,0.39,2.33,151.15,14.09,0.85,23.40,1.46,0.00
7200.00,10800.00,ed_bus_speed,0,1.60,0,64,WK_MP_019,0,0,0.40,64,0.37,3.73,238.97,14.35,0.86,33.23,2.89,0.00
7200.00,10800.00,ed_bus_speed,0,2.59,0,64,WK_MP_020,0,0,0.65,63,0.38,1.71,108.19,13.81,0.83,18.54,0.84,0.00
7200.00,10800.00,ed_bus_speed,0,2.06,0,63,WK_MP_021,0,0,0.52,63,0.54,7.85,494.41,10.00,0.60,197.70,6.69,63.00
7200.00,10800.00,ed_bus_speed,0,12.69,0,63,WK_MP_022,3,3,3.17,65,3.63,29.56,1892.22,1.81,0.11,526.23,27.93,61.00
7200.00,10800.00,ed_bus_speed,0,2.50,0,65,WK_MP_023,0,0,0.63,65,0.45,2.53,164.23,11.94,0.72,46.61,1.62,0.00
7200.00,10800.00,ed_bus_speed,0,3.47,0,65,WK_MP_024,1,1,0.87,65,0.36,1.23,79.24,14.93,0.90,8.29,0.44,0.00
7200.00,10800.00,ed_bus_speed,0,1.71,0,65,WK_MP_025,0,0,0.43,65,0.35,2.41,156.75,15.54,0.93,10.61,1.64,0.00
7200.00,10800.00,ed_bus_speed,0,1.84,0,65,WK_MP_026,0,0,0.46,65,0.36,2.20,143.11,15.24,0.91,12.25,1.41,0.00
7200.00,10800.00,ed_bus_speed,0,2.83,0,65,WK_MP_027,0,0,0.71,65,0.36,1.41,91.77,14.89,0.89,9.80,0.61,0.00
7200.00,10800.00,ed_bus_speed,0,2.78,0,65,WK_MP_028,0,0,0.70,65,0.36,1.40,90.59,15.03,0.90,8.89,0.60,0.00
7200.00,10800.00,ed_bus_speed,0,4.35,0,64,WK_MP_029,0,0,1.09,64,0.36,1.11,71.04,14.90,0.89,7.54,0.30,0.00
7200.00,10800.00,ed_bus_speed,0,3.21,0,64,WK_MP_030,0,0,0.80,64,0.36,1.28,81.81,14.93,0.90,8.56,0.48,0.00
7200.00,10800.00,ed_bus_speed,0,3.89,0,64,WK_MP_031,0,0,0.97,64,0.36,1.17,74.85,14.83,0.89,8.27,0.36,0.00
7200.00,10800.00,ed_bus_speed,0,1.77,0,64,WK_MP_032,0,0,0.44,64,0.37,2.63,168.21,14.61,0.88,20.78,1.80,0.00
7200.00,10800.00,ed_bus_speed,0,2.30,0,64,WK_MP_033,0,0,0.57,64,0.37,1.84,118.06,14.24,0.85,17.24,1.00,0.00
7200.00,10800.00,ed_bus_speed,0,6.44,0,64,WK_MP_034,2,2,1.61,64,1.88,36.70,2348.50,3.09,0.19,646.92,35.37,53.00
7200.00,10800.00,ed_bus_speed,0,3.88,0,64,WK_MP_035,0,0,0.97,64,0.46,1.72,109.83,11.57,0.69,33.58,0.73,0.00
7200.00,10800.00,ed_bus_speed,0,1.51,0,64,WK_MP_036,2,2,0.38,64,0.37,5.05,322.93,14.18,0.85,48.23,4.19,4.00
7200.00,10800.00,ed_bus_speed,0,2.05,0,63,WK_MP_037,0,0,0.51,62,0.50,5.01,314.31,10.91,0.65,108.68,3.91,19.00
7200.00,10800.00,ed_bus_speed,0,3.35,0,62,WK_MP_038,0,0,0.84,62,0.76,5.19,321.80,7.46,0.45,177.82,4.00,48.00
7200.00,10800.00,ed_bus_speed,0,2.88,0,62,WK_MP_039,0,0,0.72,62,0.38,1.62,100.40,13.39,0.80,19.73,0.73,0.00
7200.00,10800.00,ed_bus_speed,0,1.73,0,62,WK_MP_040,0,0,0.43,61,0.39,3.62,221.36,13.13,0.79,46.95,2.72,0.00
7200.00,10800.00,ed_bus_speed,0,3.19,0,61,WK_MP_041,0,0,0.80,61,0.58,3.19,194.83,9.07,0.54,88.82,1.72,18.00
7200.00,10800.00,ed_bus_speed,0,4.77,0,61,WK_MP_042,0,0,1.19,62,1.21,9.52,583.40,4.83,0.29,414.51,7.95,167.00
7200.00,10800.00,ed_bus_speed,0,30.80,0,62,WK_MP_043,0,0,7.70,63,8.48,25.63,1596.93,1.03,0.06,450.35,22.60,20.00
7200.00,10800.00,ed_bus_speed,0,5.50,0,63,WK_MP_044,0,0,1.38,63,0.75,2.92,182.88,7.28,0.44,103.03,1.56,14.00
7200.00,10800.00,ed_bus_speed,0,1.96,0,63,WK_MP_045,4,4,0.49,63,0.53,10.09,635.54,10.12,0.61,249.60,9.06,51.00
7200.00,10800.00,ed_bus_speed,0,2.83,0,63,WK_MP_046,0,0,0.71,63,0.70,8.88,559.44,7.52,0.45,304.34,7.21,1.00
7200.00,10800.00,ed_bus_speed,0,4.08,0,61,WK_MP_047,0,0,1.02,60,1.14,38.17,2322.43,4.45,0.27,1702.02,35.01,311.00
7200.00,10800.00,ed_bus_speed,0,12.93,0,60,WK_MP_048,0,0,3.23,61,3.59,31.36,1896.43,1.68,0.10,639.20,29.76,80.00
7200.00,10800.00,ed_bus_speed,0,3.35,0,61,WK_MP_049,0,0,0.84,61,0.77,5.01,305.39,7.45,0.45,168.94,3.85,62.00
7200.00,10800.00,ed_bus_speed,0,3.56,0,61,WK_MP_050,0,0,0.89,61,0.56,2.46,150.02,9.64,0.58,63.30,1.43,18.00
7200.00,10800.00,ed_bus_speed,0,4.23,0,61,WK_MP_051,0,0,1.06,60,0.94,5.62,338.19,6.09,0.37,214.67,4.04,94.00
7200.00,10800.00,ed_bus_speed,0,4.80,0,60,WK_MP_052,0,0,1.20,60,1.19,9.46,568.74,4.75,0.28,406.77,7.93,141.00
7200.00,10800.00,ed_bus_speed,0,5.35,0,60,WK_MP_053,0,0,1.34,60,0.88,3.38,202.86,6.67,0.40,121.73,2.06,40.00
7200.00,10800.00,ed_bus_speed,0,4.03,0,60,WK_MP_054,0,0,1.01,60,0.79,3.60,215.99,7.47,0.45,119.21,2.32,34.00
7200.00,10800.00,ed_bus_speed,0,10.24,0,60,WK_MP_055,0,0,2.56,60,1.14,3.77,226.42,4.81,0.29,161.13,1.97,72.00
7200.00,10800.00,ed_bus_speed,0,22.63,0,60,WK_MP_056,0,0,5.66,60,6.29,28.98,1739.00,1.15,0.07,491.08,26.24,61.00
7200.00,10800.00,ed_bus_speed,0,6.82,0,60,WK_MP_057,0,0,1.71,60,0.62,2.16,129.46,8.00,0.48,67.30,0.78,0.00
7200.00,10800.00,ed_bus_speed,0,3.58,0,60,WK_MP_058,0,0,0.89,60,0.47,2.04,122.62,10.53,0.63,45.16,0.96,0.00
7200.00,10800.00,ed_bus_speed,0,2.91,0,60,WK_MP_059,0,0,0.73,59,0.56,3.09,183.84,9.57,0.57,78.26,1.94,19.00
7200.00,10800.00,ed_bus_speed,0,3.34,0,59,WK_MP_060,0,0,0.83,59,0.88,11.01,649.58,6.00,0.36,415.66,9.64,108.00
7200.00,10800.00,ed_bus_speed,0,3.97,0,59,WK_MP_061,0,0,0.99,59,0.59,3.40,200.38,7.66,0.46,108.32,1.63,7.00
7200.00,10800.00,ed_bus_speed,0,3.98,0,59,WK_MP_062,0,0,0.99,59,1.01,10.56,623.18,5.26,0.32,426.64,9.12,98.00
7200.00,10800.00,ed_bus_speed,0,29.49,0,59,WK_MP_063,0,0,7.37,58,8.12,25.97,1517.95,1.01,0.06,383.83,23.31,29.00
7200.00,10800.00,ed_bus_speed,0,3.12,0,58,WK_MP_064,0,0,0.78,58,0.51,2.84,164.72,9.38,0.56,72.00,1.71,0.00
7200.00,10800.00,ed_bus_speed,0,4.11,0,58,WK_MP_065,0,0,1.03,58,0.43,1.63,94.48,11.28,0.68,30.53,0.57,0.00
7200.00,10800.00,ed_bus_speed,0,1.86,0,58,WK_MP_066,0,0,0.46,58,0.41,3.76,218.18,11.87,0.71,62.80,2.74,1.00
7200.00,10800.00,ed_bus_speed,0,2.35,0,58,WK_MP_067,0,0,0.59,58,0.51,4.32,250.49,9.65,0.58,105.54,3.20,8.00
7200.00,10800.00,ed_bus_speed,0,2.92,0,58,WK_MP_068,0,0,0.73,58,0.41,1.95,112.83,11.69,0.70,33.67,0.91,0.00
7200.00,10800.00,ed_bus_speed,0,5.79,0,58,WK_MP_069,0,0,1.45,58,0.51,1.78,103.02,9.54,0.57,44.08,0.52,0.00
7200.00,10800.00,ed_bus_speed,0,2.24,0,58,WK_MP_070,0,0,0.56,57,0.60,15.04,857.85,7.88,0.47,452.46,13.36,9.00
7200.00,10800.00,ed_bus_speed,0,6.22,0,57,WK_MP_071,0,0,1.55,57,0.62,2.37,134.94,7.62,0.46,73.29,0.90,0.00
7200.00,10800.00,ed_bus_speed,0,3.68,0,57,WK_MP_072,0,0,0.92,57,0.76,4.69,266.29,6.84,0.41,156.98,3.25,10.00
7200.00,10800.00,ed_bus_speed,0,3.02,0,57,WK_MP_073,0,0,0.76,57,0.68,5.10,290.77,7.59,0.46,158.34,3.79,30.00
7200.00,10800.00,ed_bus_speed,0,3.43,0,57,WK_MP_074,0,0,0.86,57,0.86,8.87,505.50,5.97,0.36,324.59,7.29,70.00
7200.00,10800.00,ed_bus_speed,0,4.59,0,57,WK_MP_075,0,0,1.15,57,1.03,6.38,363.54,5.33,0.32,247.35,4.57,102.00
7200.00,10800.00,ed_bus_speed,0,6.94,0,57,WK_MP_076,0,0,1.73,57,0.59,2.08,118.37,8.06,0.48,61.13,0.88,18.00
7200.00,10800.00,ed_bus_speed,0,14.93,0,57,WK_MP_077,0,0,3.73,58,4.23,27.48,1573.35,1.50,0.09,380.66,25.23,23.00
7200.00,10800.00,ed_bus_speed,0,1.87,0,58,WK_MP_078,11,11,0.47,58,0.50,11.15,646.71,9.67,0.58,271.57,10.20,85.00
7200.00,10800.00,ed_bus_speed,0,14.99,0,71,gneE40,1,1,7.49,73,8.65,94.96,6865.94,1.47,0.09,4894.12,92.30,1812.00
7200.00,10800.00,ed_bus_speed,0,0.79,4,0,gneE5,4,4,0.39,3,0.47,417.16,1281.23,1.11,0.08,1177.25,415.49,773.00
